Date,ID,Result,Page,Process Time
2017-08-01,00001,"5,10,14,23,24,38,35",59,2022-05-07 07:56:43.143266
2017-08-03,00002,"4,9,24,25,27,45,40",59,2022-05-07 07:56:43.143266
2017-08-05,00003,"1,5,11,32,40,45,43",59,2022-05-07 07:56:43.143266
2017-08-08,00004,"19,36,39,41,46,51,38",59,2022-05-07 07:56:43.143266
2017-08-10,00005,"10,11,19,41,50,54,3",59,2022-05-07 07:56:43.143266
2017-08-12,00006,"6,16,20,32,38,51,34",58,2022-05-07 07:56:43.143266
2017-08-15,00007,"7,11,19,32,33,51,30",58,2022-05-07 07:56:43.143266
2017-08-17,00008,"11,12,20,30,32,34,53",58,2022-05-07 07:56:43.143266
2017-08-19,00009,"7,11,13,15,26,51,36",58,2022-05-07 07:56:43.143266
2017-08-22,00010,"10,24,31,32,38,44,14",58,2022-05-07 07:56:43.143266
2017-08-24,00011,"5,16,18,37,42,46,10",58,2022-05-07 07:56:43.143266
2017-08-26,00012,"17,25,30,31,36,41,20",58,2022-05-07 07:56:43.143266
2017-08-29,00013,"4,12,15,23,24,41,44",58,2022-05-07 07:56:43.143266
2017-08-31,00014,"8,20,27,35,36,47,18",57,2022-05-07 07:56:43.143266
2017-09-02,00015,"5,9,11,18,19,37,50",57,2022-05-07 07:56:43.143266
2017-09-05,00016,"1,2,8,13,23,39,9",57,2022-05-07 07:56:43.143266
2017-09-07,00017,"4,18,22,31,32,40,8",57,2022-05-07 07:56:43.143266
2017-09-09,00018,"1,15,23,36,43,54,12",57,2022-05-07 07:56:43.143266
2017-09-12,00019,"6,10,12,47,48,51,35",57,2022-05-07 07:56:43.143266
2017-09-14,00020,"22,23,32,43,44,51,15",57,2022-05-07 07:56:43.143266
2017-09-16,00021,"9,12,21,26,29,52,24",57,2022-05-07 07:56:43.143266
2017-09-19,00022,"3,32,36,41,44,53,45",56,2022-05-07 07:56:43.143266
2017-09-21,00023,"9,12,16,24,43,51,39",56,2022-05-07 07:56:43.143266
2017-09-23,00024,"7,8,27,36,44,53,49",56,2022-05-07 07:56:43.143266
2017-09-26,00025,"14,15,18,30,36,49,19",56,2022-05-07 07:56:43.143266
2017-09-28,00026,"20,27,28,31,39,47,10",56,2022-05-07 07:56:43.143266
2017-09-30,00027,"4,17,23,25,34,46,24",56,2022-05-07 07:56:43.143266
2017-10-03,00028,"21,31,35,41,46,50,23",56,2022-05-07 07:56:43.143266
2017-10-05,00029,"1,3,14,19,35,41,20",56,2022-05-07 07:56:43.143266
2017-10-07,00030,"31,34,40,42,43,49,16",55,2022-05-07 07:56:43.143266
2017-10-10,00031,"29,33,43,44,45,50,41",55,2022-05-07 07:56:43.143266
2017-10-12,00032,"5,8,11,31,37,42,52",55,2022-05-07 07:56:43.143266
2017-10-14,00033,"14,18,29,35,44,49,54",55,2022-05-07 07:56:43.143266
2017-10-17,00034,"1,26,36,40,50,54,31",55,2022-05-07 07:56:43.143266
2017-10-19,00035,"6,15,17,24,40,45,39",55,2022-05-07 07:56:43.143266
2017-10-21,00036,"4,9,13,16,18,49,30",55,2022-05-07 07:56:43.143266
2017-10-24,00037,"1,2,9,13,32,35,52",55,2022-05-07 07:56:43.143266
2017-10-26,00038,"2,10,15,30,34,50,3",54,2022-05-07 07:56:43.143266
2017-10-28,00039,"13,18,35,36,41,48,47",54,2022-05-07 07:56:43.143266
2017-10-31,00040,"7,13,24,45,47,52,33",54,2022-05-07 07:56:43.143266
2017-11-02,00041,"3,9,12,21,51,52,7",54,2022-05-07 07:56:43.143266
2017-11-04,00042,"2,8,12,44,46,52,9",54,2022-05-07 07:56:43.143266
2017-11-07,00043,"19,32,36,37,42,54,28",54,2022-05-07 07:56:43.143266
2017-11-09,00044,"2,3,6,23,34,36,50",54,2022-05-07 07:56:43.143266
2017-11-11,00045,"12,26,33,35,36,44,1",54,2022-05-07 07:56:43.143266
2017-11-14,00046,"20,24,29,41,47,49,22",53,2022-05-07 07:56:43.143266
2017-11-16,00047,"1,16,22,25,47,48,21",53,2022-05-07 07:56:43.143266
2017-11-18,00048,"11,12,26,42,50,54,17",53,2022-05-07 07:56:43.143266
2017-11-21,00049,"5,8,23,37,38,54,55",53,2022-05-07 07:56:43.143266
2017-11-23,00050,"1,2,3,18,25,50,14",53,2022-05-07 07:56:43.143266
2017-11-25,00051,"2,9,16,46,52,55,50",53,2022-05-07 07:56:43.147266
2017-11-28,00052,"2,19,39,49,51,53,20",53,2022-05-07 07:56:43.147266
2017-11-30,00053,"5,13,26,37,53,55,28",53,2022-05-07 07:56:43.147266
2017-12-02,00054,"9,37,45,50,53,54,40",52,2022-05-07 07:56:43.147266
2017-12-05,00055,"27,38,40,42,46,55,5",52,2022-05-07 07:56:43.147266
2017-12-07,00056,"3,14,26,35,44,54,25",52,2022-05-07 07:56:43.147266
2017-12-09,00057,"5,34,35,42,49,52,21",52,2022-05-07 07:56:43.147266
2017-12-12,00058,"6,7,8,21,32,39,27",52,2022-05-07 07:56:43.147266
2017-12-14,00059,"11,12,22,28,46,50,7",52,2022-05-07 07:56:43.147266
2017-12-16,00060,"5,23,37,41,43,53,25",52,2022-05-07 07:56:43.147266
2017-12-19,00061,"2,3,20,25,38,44,12",52,2022-05-07 07:56:43.147266
2017-12-21,00062,"22,23,27,35,37,46,19",51,2022-05-07 07:56:43.147266
2017-12-23,00063,"7,8,9,13,28,44,12",51,2022-05-07 07:56:43.147266
2017-12-26,00064,"7,11,13,18,26,42,49",51,2022-05-07 07:56:43.147266
2017-12-28,00065,"7,18,26,29,31,35,34",51,2022-05-07 07:56:43.147266
2017-12-30,00066,"8,9,36,37,39,50,7",51,2022-05-07 07:56:43.147266
2018-01-02,00067,"4,7,8,34,37,47,24",51,2022-05-07 07:56:43.147266
2018-01-04,00068,"1,7,31,35,46,55,51",51,2022-05-07 07:56:43.147266
2018-01-06,00069,"4,11,24,35,41,45,17",51,2022-05-07 07:56:43.147266
2018-01-09,00070,"18,25,28,46,50,51,15",50,2022-05-07 07:56:43.147266
2018-01-11,00071,"4,7,30,35,37,45,1",50,2022-05-07 07:56:43.147266
2018-01-13,00072,"3,21,25,26,51,55,37",50,2022-05-07 07:56:43.147266
2018-01-16,00073,"6,27,33,41,42,49,22",50,2022-05-07 07:56:43.147266
2018-01-18,00074,"12,24,28,30,36,39,15",50,2022-05-07 07:56:43.147266
2018-01-20,00075,"2,7,15,16,41,45,19",50,2022-05-07 07:56:43.147266
2018-01-23,00076,"3,10,15,23,41,53,35",50,2022-05-07 07:56:43.151266
2018-01-25,00077,"1,10,30,44,45,50,4",50,2022-05-07 07:56:43.151266
2018-01-27,00078,"21,26,36,38,40,50,11",49,2022-05-07 07:56:43.151266
2018-01-30,00079,"15,19,24,51,53,55,29",49,2022-05-07 07:56:43.151266
2018-02-01,00080,"1,7,8,9,39,43,52",49,2022-05-07 07:56:43.151266
2018-02-03,00081,"12,29,42,48,54,55,18",49,2022-05-07 07:56:43.151266
2018-02-06,00082,"1,20,29,31,43,53,16",49,2022-05-07 07:56:43.151266
2018-02-08,00083,"21,22,29,37,41,50,33",49,2022-05-07 07:56:43.151266
2018-02-10,00084,"8,10,19,25,36,46,7",49,2022-05-07 07:56:43.151266
2018-02-13,00085,"9,25,26,30,42,54,19",49,2022-05-07 07:56:43.151266
2018-02-17,00086,"16,22,28,29,35,43,45",48,2022-05-07 07:56:43.151266
2018-02-20,00087,"1,2,21,24,50,52,33",48,2022-05-07 07:56:43.151266
2018-02-22,00088,"11,14,32,36,42,48,20",48,2022-05-07 07:56:43.151266
2018-02-24,00089,"5,7,24,32,45,49,1",48,2022-05-07 07:56:43.151266
2018-02-27,00090,"8,16,23,28,44,49,45",48,2022-05-07 07:56:43.151266
2018-03-01,00091,"4,5,7,17,20,38,9",48,2022-05-07 07:56:43.151266
2018-03-03,00092,"4,10,32,37,47,52,49",48,2022-05-07 07:56:43.151266
2018-03-06,00093,"2,6,13,22,40,48,12",48,2022-05-07 07:56:43.151266
2018-03-08,00094,"14,17,18,23,41,52,40",47,2022-05-07 07:56:43.151266
2018-03-10,00095,"9,20,27,31,48,49,42",47,2022-05-07 07:56:43.151266
2018-03-13,00096,"1,2,17,46,47,49,44",47,2022-05-07 07:56:43.151266
2018-03-15,00097,"15,20,23,28,39,49,19",47,2022-05-07 07:56:43.151266
2018-03-17,00098,"3,14,28,35,50,52,29",47,2022-05-07 07:56:43.151266
2018-03-20,00099,"11,40,43,46,49,55,37",47,2022-05-07 07:56:43.151266
2018-03-22,00100,"1,8,24,33,34,41,20",47,2022-05-07 07:56:43.151266
2018-03-24,00101,"1,30,38,45,48,50,12",47,2022-05-07 07:56:43.151266
2018-03-27,00102,"9,13,14,15,54,55,22",46,2022-05-07 07:56:43.151266
2018-03-29,00103,"5,27,35,39,46,52,31",46,2022-05-07 07:56:43.151266
2018-03-31,00104,"3,7,31,43,51,53,26",46,2022-05-07 07:56:43.151266
2018-04-03,00105,"20,21,39,42,51,53,1",46,2022-05-07 07:56:43.151266
2018-04-05,00106,"7,9,17,25,31,32,6",46,2022-05-07 07:56:43.151266
2018-04-07,00107,"12,24,33,34,36,53,5",46,2022-05-07 07:56:43.151266
2018-04-10,00108,"1,22,25,31,36,48,41",46,2022-05-07 07:56:43.151266
2018-04-12,00109,"4,29,35,37,42,54,19",46,2022-05-07 07:56:43.151266
2018-04-14,00110,"2,10,14,26,45,54,20",45,2022-05-07 07:56:43.151266
2018-04-17,00111,"2,10,26,27,31,38,39",45,2022-05-07 07:56:43.151266
2018-04-19,00112,"4,17,19,35,49,55,9",45,2022-05-07 07:56:43.151266
2018-04-21,00113,"16,18,41,43,46,55,35",45,2022-05-07 07:56:43.151266
2018-04-24,00114,"17,18,24,40,41,46,6",45,2022-05-07 07:56:43.151266
2018-04-26,00115,"23,26,29,31,36,54,55",45,2022-05-07 07:56:43.151266
2018-04-28,00116,"12,19,22,29,32,46,25",45,2022-05-07 07:56:43.151266
2018-05-01,00117,"1,7,20,23,25,38,14",45,2022-05-07 07:56:43.151266
2018-05-03,00118,"23,27,33,37,39,49,44",44,2022-05-07 07:56:43.151266
2018-05-05,00119,"16,32,33,37,40,48,15",44,2022-05-07 07:56:43.151266
2018-05-08,00120,"3,16,23,24,38,42,48",44,2022-05-07 07:56:43.151266
2018-05-10,00121,"2,6,8,34,39,43,11",44,2022-05-07 07:56:43.151266
2018-05-12,00122,"1,9,26,38,54,55,51",44,2022-05-07 07:56:43.151266
2018-05-15,00123,"3,6,29,37,44,49,24",44,2022-05-07 07:56:43.151266
2018-05-17,00124,"13,31,38,45,53,55,46",44,2022-05-07 07:56:43.151266
2018-05-19,00125,"33,35,45,52,53,55,25",44,2022-05-07 07:56:43.151266
2018-05-22,00126,"4,5,8,17,35,47,39",43,2022-05-07 07:56:43.151266
2018-05-24,00127,"24,25,26,29,36,48,40",43,2022-05-07 07:56:43.151266
2018-05-26,00128,"7,12,28,31,40,44,15",43,2022-05-07 07:56:43.151266
2018-05-29,00129,"9,13,17,18,46,50,26",43,2022-05-07 07:56:43.151266
2018-05-31,00130,"3,15,18,25,26,29,19",43,2022-05-07 07:56:43.151266
2018-06-02,00131,"5,7,17,22,32,33,6",43,2022-05-07 07:56:43.151266
2018-06-05,00132,"11,21,26,32,51,52,5",43,2022-05-07 07:56:43.155266
2018-06-07,00133,"11,16,18,26,46,47,42",43,2022-05-07 07:56:43.155266
2018-06-09,00134,"9,23,25,39,52,53,38",42,2022-05-07 07:56:43.155266
2018-06-12,00135,"4,13,23,27,29,35,14",42,2022-05-07 07:56:43.155266
2018-06-14,00136,"3,15,32,45,48,54,55",42,2022-05-07 07:56:43.155266
2018-06-16,00137,"14,15,21,30,44,47,48",42,2022-05-07 07:56:43.155266
2018-06-19,00138,"16,17,31,37,41,52,34",42,2022-05-07 07:56:43.155266
2018-06-21,00139,"2,8,19,23,25,33,32",42,2022-05-07 07:56:43.155266
2018-06-23,00140,"6,8,13,23,46,55,1",42,2022-05-07 07:56:43.155266
2018-06-26,00141,"17,18,21,39,40,43,3",42,2022-05-07 07:56:43.155266
2018-06-28,00142,"11,31,33,43,48,51,23",41,2022-05-07 07:56:43.155266
2018-06-30,00143,"3,12,23,24,30,33,1",41,2022-05-07 07:56:43.155266
2018-07-03,00144,"30,32,34,47,48,49,50",41,2022-05-07 07:56:43.155266
2018-07-05,00145,"4,15,22,24,43,51,48",41,2022-05-07 07:56:43.155266
2018-07-07,00146,"2,30,45,48,49,53,41",41,2022-05-07 07:56:43.155266
2018-07-10,00147,"6,10,16,20,27,29,24",41,2022-05-07 07:56:43.155266
2018-07-12,00148,"8,15,18,21,24,49,22",41,2022-05-07 07:56:43.155266
2018-07-14,00149,"4,19,23,34,38,50,1",41,2022-05-07 07:56:43.155266
2018-07-17,00150,"5,14,22,27,31,40,48",40,2022-05-07 07:56:43.155266
2018-07-19,00151,"11,13,28,34,44,47,10",40,2022-05-07 07:56:43.155266
2018-07-21,00152,"7,31,33,37,46,52,28",40,2022-05-07 07:56:43.155266
2018-07-24,00153,"11,18,34,37,50,53,20",40,2022-05-07 07:56:43.155266
2018-07-26,00154,"21,24,33,37,40,46,52",40,2022-05-07 07:56:43.155266
2018-07-28,00155,"11,16,22,25,30,40,9",40,2022-05-07 07:56:43.155266
2018-07-31,00156,"1,5,27,31,47,50,41",40,2022-05-07 07:56:43.155266
2018-08-02,00157,"6,11,16,17,41,55,7",40,2022-05-07 07:56:43.155266
2018-08-04,00158,"11,12,24,32,41,48,3",39,2022-05-07 07:56:43.155266
2018-08-07,00159,"3,9,15,20,39,49,4",39,2022-05-07 07:56:43.155266
2018-08-09,00160,"24,29,32,33,49,55,9",39,2022-05-07 07:56:43.155266
2018-08-11,00161,"16,17,31,33,42,44,14",39,2022-05-07 07:56:43.155266
2018-08-14,00162,"29,30,36,38,45,52,46",39,2022-05-07 07:56:43.155266
2018-08-16,00163,"6,10,34,46,48,51,47",39,2022-05-07 07:56:43.155266
2018-08-18,00164,"7,33,36,39,51,55,11",39,2022-05-07 07:56:43.155266
2018-08-21,00165,"9,12,14,23,32,46,31",39,2022-05-07 07:56:43.155266
2018-08-23,00166,"14,18,27,38,39,53,2",38,2022-05-07 07:56:43.155266
2018-08-25,00167,"10,11,15,32,40,48,27",38,2022-05-07 07:56:43.155266
2018-08-28,00168,"2,10,15,31,39,48,23",38,2022-05-07 07:56:43.155266
2018-08-30,00169,"5,22,28,42,49,54,36",38,2022-05-07 07:56:43.155266
2018-09-01,00170,"2,8,20,21,28,36,5",38,2022-05-07 07:56:43.155266
2018-09-04,00171,"8,18,20,29,34,37,51",38,2022-05-07 07:56:43.155266
2018-09-06,00172,"4,11,15,21,24,27,7",38,2022-05-07 07:56:43.155266
2018-09-08,00173,"9,11,12,24,35,43,15",38,2022-05-07 07:56:43.155266
2018-09-11,00174,"13,17,28,42,45,49,50",37,2022-05-07 07:56:43.155266
2018-09-13,00175,"4,6,7,26,40,44,9",37,2022-05-07 07:56:43.155266
2018-09-15,00176,"2,5,28,30,46,50,49",37,2022-05-07 07:56:43.183267
2018-09-18,00177,"8,21,32,43,48,53,38",37,2022-05-07 07:56:43.183267
2018-09-20,00178,"3,32,35,46,47,49,51",37,2022-05-07 07:56:43.183267
2018-09-22,00179,"1,8,17,28,40,50,21",37,2022-05-07 07:56:43.183267
2018-09-25,00180,"2,3,6,13,14,17,9",37,2022-05-07 07:56:43.203268
2018-09-27,00181,"8,12,29,35,51,54,34",37,2022-05-07 07:56:43.203268
2018-09-29,00182,"3,7,12,32,34,55,38",36,2022-05-07 07:56:43.203268
2018-10-02,00183,"3,7,28,32,33,37,22",36,2022-05-07 07:56:43.203268
2018-10-04,00184,"3,9,12,17,34,42,46",36,2022-05-07 07:56:43.203268
2018-10-06,00185,"5,6,16,42,48,51,3",36,2022-05-07 07:56:43.203268
2018-10-09,00186,"10,27,46,50,51,55,1",36,2022-05-07 07:56:43.203268
2018-10-11,00187,"5,16,17,37,46,49,35",36,2022-05-07 07:56:43.203268
2018-10-13,00188,"12,21,23,44,47,48,43",36,2022-05-07 07:56:43.203268
2018-10-16,00189,"5,28,29,34,42,46,17",36,2022-05-07 07:56:43.203268
2018-10-18,00190,"1,11,22,34,42,47,30",35,2022-05-07 07:56:43.203268
2018-10-20,00191,"2,5,10,17,35,41,21",35,2022-05-07 07:56:43.203268
2018-10-23,00192,"1,3,6,13,21,30,36",35,2022-05-07 07:56:43.203268
2018-10-25,00193,"16,23,29,31,45,48,19",35,2022-05-07 07:56:43.203268
2018-10-27,00194,"8,9,15,21,44,49,16",35,2022-05-07 07:56:43.203268
2018-10-30,00195,"1,12,22,27,30,39,46",35,2022-05-07 07:56:43.203268
2018-11-01,00196,"3,11,15,42,44,54,41",35,2022-05-07 07:56:43.203268
2018-11-03,00197,"14,17,20,23,25,45,34",35,2022-05-07 07:56:43.203268
2018-11-06,00198,"19,22,23,43,47,53,3",34,2022-05-07 07:56:43.203268
2018-11-08,00199,"22,28,31,39,52,53,14",34,2022-05-07 07:56:43.203268
2018-11-10,00200,"3,5,19,22,29,39,15",34,2022-05-07 07:56:43.203268
2018-11-13,00201,"3,25,26,32,41,47,5",34,2022-05-07 07:56:43.203268
2018-11-15,00202,"13,16,21,40,49,52,54",34,2022-05-07 07:56:43.207268
2018-11-17,00203,"12,22,26,29,45,47,15",34,2022-05-07 07:56:43.207268
2018-11-20,00204,"9,23,33,40,44,49,17",34,2022-05-07 07:56:43.207268
2018-11-22,00205,"17,22,24,28,37,44,6",34,2022-05-07 07:56:43.207268
2018-11-24,00206,"3,10,11,25,40,54,17",33,2022-05-07 07:56:43.207268
2018-11-27,00207,"3,5,23,28,35,44,8",33,2022-05-07 07:56:43.207268
2018-11-29,00208,"10,23,27,42,51,52,20",33,2022-05-07 07:56:43.207268
2018-12-01,00209,"3,5,12,20,25,33,41",33,2022-05-07 07:56:43.207268
2018-12-04,00210,"10,13,16,23,30,49,24",33,2022-05-07 07:56:43.211268
2018-12-06,00211,"9,13,23,27,39,42,49",33,2022-05-07 07:56:43.211268
2018-12-08,00212,"3,6,9,31,48,54,53",33,2022-05-07 07:56:43.211268
2018-12-11,00213,"1,5,11,37,39,44,31",33,2022-05-07 07:56:43.211268
2018-12-13,00214,"2,11,14,36,49,55,53",32,2022-05-07 07:56:43.211268
2018-12-15,00215,"14,17,49,52,53,55,12",32,2022-05-07 07:56:43.211268
2018-12-18,00216,"1,9,15,17,25,26,8",32,2022-05-07 07:56:43.211268
2018-12-20,00217,"8,17,24,33,34,44,55",32,2022-05-07 07:56:43.211268
2018-12-22,00218,"3,8,16,35,39,52,29",32,2022-05-07 07:56:43.211268
2018-12-25,00219,"3,9,17,21,23,51,15",32,2022-05-07 07:56:43.211268
2018-12-27,00220,"5,20,33,42,43,50,40",32,2022-05-07 07:56:43.211268
2018-12-29,00221,"8,36,42,43,50,52,30",32,2022-05-07 07:56:43.211268
2019-01-01,00222,"2,19,21,27,37,46,12",31,2022-05-07 07:56:43.211268
2019-01-03,00223,"23,31,37,45,49,54,18",31,2022-05-07 07:56:43.211268
2019-01-05,00224,"10,11,38,47,53,55,51",31,2022-05-07 07:56:43.211268
2019-01-08,00225,"3,5,9,11,45,48,40",31,2022-05-07 07:56:43.211268
2019-01-10,00226,"12,22,31,35,40,47,8",31,2022-05-07 07:56:43.211268
2019-01-12,00227,"7,13,14,26,42,54,11",31,2022-05-07 07:56:43.211268
2019-01-15,00228,"4,6,13,22,29,30,52",31,2022-05-07 07:56:43.211268
2019-01-17,00229,"13,14,22,34,35,55,54",31,2022-05-07 07:56:43.211268
2019-01-19,00230,"13,29,42,46,51,53,36",30,2022-05-07 07:56:43.211268
2019-01-22,00231,"1,14,22,40,52,55,21",30,2022-05-07 07:56:43.211268
2019-01-24,00232,"31,35,38,44,49,55,24",30,2022-05-07 07:56:43.211268
2019-01-26,00233,"20,27,33,43,53,54,48",30,2022-05-07 07:56:43.211268
2019-01-29,00234,"15,20,26,41,45,55,10",30,2022-05-07 07:56:43.211268
2019-01-31,00235,"10,19,20,28,34,44,29",30,2022-05-07 07:56:43.211268
2019-02-02,00236,"11,23,27,35,36,46,37",30,2022-05-07 07:56:43.211268
2019-02-07,00237,"20,27,28,32,47,50,41",30,2022-05-07 07:56:43.211268
2019-02-09,00238,"2,14,15,44,46,50,18",29,2022-05-07 07:56:43.211268
2019-02-12,00239,"1,12,17,34,48,49,47",29,2022-05-07 07:56:43.211268
2019-02-14,00240,"8,15,26,41,43,53,46",29,2022-05-07 07:56:43.211268
2019-02-16,00241,"5,8,14,28,37,40,41",29,2022-05-07 07:56:43.211268
2019-02-19,00242,"12,18,22,29,32,52,51",29,2022-05-07 07:56:43.211268
2019-02-21,00243,"3,10,11,15,29,34,50",29,2022-05-07 07:56:43.211268
2019-02-23,00244,"16,19,30,39,43,52,21",29,2022-05-07 07:56:43.211268
2019-02-26,00245,"8,9,16,34,42,43,45",29,2022-05-07 07:56:43.211268
2019-02-28,00246,"4,15,19,34,40,42,49",28,2022-05-07 07:56:43.211268
2019-03-02,00247,"1,2,3,20,46,48,31",28,2022-05-07 07:56:43.211268
2019-03-05,00248,"1,15,23,51,53,55,26",28,2022-05-07 07:56:43.211268
2019-03-07,00249,"2,14,20,33,41,47,27",28,2022-05-07 07:56:43.211268
2019-03-09,00250,"18,24,31,34,35,44,52",28,2022-05-07 07:56:43.211268
2019-03-12,00251,"9,16,26,34,44,49,19",28,2022-05-07 07:56:43.211268
2019-03-14,00252,"18,21,25,35,44,53,4",28,2022-05-07 07:56:43.211268
2019-03-16,00253,"10,18,22,24,35,40,53",28,2022-05-07 07:56:43.211268
2019-03-19,00254,"8,28,32,35,40,45,34",27,2022-05-07 07:56:43.211268
2019-03-21,00255,"7,18,32,42,46,53,28",27,2022-05-07 07:56:43.211268
2019-03-23,00256,"3,9,30,41,46,52,22",27,2022-05-07 07:56:43.211268
2019-03-26,00257,"15,19,28,40,44,48,14",27,2022-05-07 07:56:43.211268
2019-03-28,00258,"3,23,37,43,44,49,27",27,2022-05-07 07:56:43.211268
2019-03-30,00259,"3,15,18,35,50,54,32",27,2022-05-07 07:56:43.211268
2019-04-02,00260,"1,4,9,20,22,26,48",27,2022-05-07 07:56:43.211268
2019-04-04,00261,"16,26,29,38,47,51,13",27,2022-05-07 07:56:43.211268
2019-04-06,00262,"1,20,30,41,46,50,48",26,2022-05-07 07:56:43.211268
2019-04-09,00263,"10,14,19,36,48,49,3",26,2022-05-07 07:56:43.211268
2019-04-11,00264,"1,8,31,32,37,55,53",26,2022-05-07 07:56:43.215268
2019-04-13,00265,"9,13,20,21,36,43,32",26,2022-05-07 07:56:43.215268
2019-04-16,00266,"16,29,32,33,52,53,5",26,2022-05-07 07:56:43.215268
2019-04-18,00267,"7,8,15,24,26,48,10",26,2022-05-07 07:56:43.215268
2019-04-20,00268,"8,10,12,24,40,44,51",26,2022-05-07 07:56:43.215268
2019-04-23,00269,"20,21,22,31,43,45,30",26,2022-05-07 07:56:43.215268
2019-04-25,00270,"16,22,23,33,36,38,45",25,2022-05-07 07:56:43.215268
2019-04-27,00271,"1,11,22,26,33,51,4",25,2022-05-07 07:56:43.215268
2019-04-30,00272,"3,5,13,40,41,45,52",25,2022-05-07 07:56:43.215268
2019-05-02,00273,"2,10,16,17,33,36,20",25,2022-05-07 07:56:43.215268
2019-05-04,00274,"1,2,3,17,26,53,50",25,2022-05-07 07:56:43.215268
2019-05-07,00275,"3,6,7,8,9,49,24",25,2022-05-07 07:56:43.215268
2019-05-09,00276,"19,21,48,49,54,55,27",25,2022-05-07 07:56:43.215268
2019-05-11,00277,"6,11,20,22,26,28,36",25,2022-05-07 07:56:43.215268
2019-05-14,00278,"6,11,15,21,30,40,10",24,2022-05-07 07:56:43.215268
2019-05-16,00279,"8,28,30,33,40,43,24",24,2022-05-07 07:56:43.215268
2019-05-18,00280,"6,10,13,18,29,38,53",24,2022-05-07 07:56:43.215268
2019-05-21,00281,"11,12,29,31,37,53,41",24,2022-05-07 07:56:43.215268
2019-05-23,00282,"13,21,33,42,53,55,44",24,2022-05-07 07:56:43.215268
2019-05-25,00283,"4,12,35,44,50,55,19",24,2022-05-07 07:56:43.215268
2019-05-28,00284,"15,22,31,32,33,37,51",24,2022-05-07 07:56:43.215268
2019-05-30,00285,"17,31,33,34,37,40,35",24,2022-05-07 07:56:43.215268
2019-06-01,00286,"10,24,31,41,42,47,20",23,2022-05-07 07:56:43.215268
2019-06-04,00287,"18,20,24,26,33,41,55",23,2022-05-07 07:56:43.215268
2019-06-06,00288,"10,13,30,36,51,54,16",23,2022-05-07 07:56:43.215268
2019-06-08,00289,"2,8,10,23,27,35,47",23,2022-05-07 07:56:43.215268
2019-06-11,00290,"2,5,13,20,30,49,35",23,2022-05-07 07:56:43.215268
2019-06-13,00291,"6,9,15,22,29,53,25",23,2022-05-07 07:56:43.215268
2019-06-15,00292,"13,23,40,45,52,55,9",23,2022-05-07 07:56:43.215268
2019-06-18,00293,"24,31,45,46,47,54,4",23,2022-05-07 07:56:43.215268
2019-06-20,00294,"9,15,23,41,49,51,52",22,2022-05-07 07:56:43.215268
2019-06-22,00295,"1,9,23,28,42,54,49",22,2022-05-07 07:56:43.215268
2019-06-25,00296,"3,14,34,35,40,49,23",22,2022-05-07 07:56:43.215268
2019-06-27,00297,"9,29,32,44,49,53,5",22,2022-05-07 07:56:43.215268
2019-06-29,00298,"6,10,19,31,34,43,37",22,2022-05-07 07:56:43.215268
2019-07-02,00299,"2,9,33,45,52,54,1",22,2022-05-07 07:56:43.215268
2019-07-04,00300,"4,5,14,46,52,54,3",22,2022-05-07 07:56:43.215268
2019-07-06,00301,"5,29,36,39,46,53,48",22,2022-05-07 07:56:43.215268
2019-07-09,00302,"4,17,25,40,42,51,2",21,2022-05-07 07:56:43.215268
2019-07-11,00303,"6,9,15,26,35,38,34",21,2022-05-07 07:56:43.215268
2019-07-13,00304,"5,23,29,45,50,52,1",21,2022-05-07 07:56:43.215268
2019-07-16,00305,"4,12,19,31,33,40,51",21,2022-05-07 07:56:43.215268
2019-07-18,00306,"4,24,29,31,39,41,38",21,2022-05-07 07:56:43.215268
2019-07-20,00307,"15,18,25,32,42,52,10",21,2022-05-07 07:56:43.215268
2019-07-23,00308,"5,10,21,32,39,52,41",21,2022-05-07 07:56:43.215268
2019-07-25,00309,"3,31,34,41,52,53,16",21,2022-05-07 07:56:43.215268
2019-07-27,00310,"2,3,25,33,44,50,17",20,2022-05-07 07:56:43.215268
2019-07-30,00311,"3,8,12,21,32,51,7",20,2022-05-07 07:56:43.215268
2019-08-01,00312,"1,18,39,45,48,49,26",20,2022-05-07 07:56:43.215268
2019-08-03,00313,"13,24,25,26,27,30,4",20,2022-05-07 07:56:43.215268
2019-08-06,00314,"9,11,19,20,26,42,17",20,2022-05-07 07:56:43.215268
2019-08-08,00315,"1,6,17,18,21,41,22",20,2022-05-07 07:56:43.219268
2019-08-10,00316,"7,17,36,42,43,50,44",20,2022-05-07 07:56:43.219268
2019-08-13,00317,"4,8,16,27,32,40,23",20,2022-05-07 07:56:43.219268
2019-08-15,00318,"19,25,31,32,39,47,8",19,2022-05-07 07:56:43.219268
2019-08-17,00319,"9,11,24,26,38,53,41",19,2022-05-07 07:56:43.219268
2019-08-20,00320,"10,30,38,48,54,55,46",19,2022-05-07 07:56:43.219268
2019-08-22,00321,"4,7,16,17,30,39,27",19,2022-05-07 07:56:43.219268
2019-08-24,00322,"19,20,34,40,49,51,1",19,2022-05-07 07:56:43.219268
2019-08-27,00323,"16,22,29,33,46,47,55",19,2022-05-07 07:56:43.219268
2019-08-29,00324,"10,11,12,23,27,48,9",19,2022-05-07 07:56:43.219268
2019-08-31,00325,"13,20,23,32,51,52,42",19,2022-05-07 07:56:43.219268
2019-09-03,00326,"13,14,29,35,41,55,25",18,2022-05-07 07:56:43.219268
2019-09-05,00327,"20,24,27,30,33,45,21",18,2022-05-07 07:56:43.219268
2019-09-07,00328,"7,17,31,35,38,46,16",18,2022-05-07 07:56:43.219268
2019-09-10,00329,"6,9,19,39,50,54,37",18,2022-05-07 07:56:43.219268
2019-09-12,00330,"18,29,32,33,45,49,40",18,2022-05-07 07:56:43.219268
2019-09-14,00331,"10,36,42,44,45,54,14",18,2022-05-07 07:56:43.219268
2019-09-17,00332,"3,14,26,38,43,47,10",18,2022-05-07 07:56:43.219268
2019-09-19,00333,"2,8,22,34,39,41,13",18,2022-05-07 07:56:43.219268
2019-09-21,00334,"2,5,23,30,42,45,34",17,2022-05-07 07:56:43.219268
2019-09-24,00335,"12,33,39,40,48,53,35",17,2022-05-07 07:56:43.219268
2019-09-26,00336,"7,12,38,43,51,55,15",17,2022-05-07 07:56:43.219268
2019-09-28,00337,"4,8,21,23,40,43,44",17,2022-05-07 07:56:43.219268
2019-10-01,00338,"5,22,38,41,47,49,29",17,2022-05-07 07:56:43.219268
2019-10-03,00339,"4,7,8,26,37,44,29",17,2022-05-07 07:56:43.219268
2019-10-05,00340,"10,29,30,31,37,51,50",17,2022-05-07 07:56:43.219268
2019-10-08,00341,"8,36,39,43,48,50,40",17,2022-05-07 07:56:43.219268
2019-10-10,00342,"4,17,42,51,53,55,29",16,2022-05-07 07:56:43.219268
2019-10-12,00343,"21,39,48,51,53,55,5",16,2022-05-07 07:56:43.219268
2019-10-15,00344,"9,12,29,46,48,53,3",16,2022-05-07 07:56:43.219268
2019-10-17,00345,"5,11,14,34,51,53,16",16,2022-05-07 07:56:43.219268
2019-10-19,00346,"1,10,21,26,42,43,25",16,2022-05-07 07:56:43.219268
2019-10-22,00347,"2,16,26,27,36,40,31",16,2022-05-07 07:56:43.219268
2019-10-24,00348,"9,14,23,41,45,50,13",16,2022-05-07 07:56:43.219268
2019-10-26,00349,"18,20,22,50,51,53,35",16,2022-05-07 07:56:43.219268
2019-10-29,00350,"12,15,16,31,43,55,11",15,2022-05-07 07:56:43.219268
2019-10-31,00351,"18,19,22,37,47,48,46",15,2022-05-07 07:56:43.219268
2019-11-02,00352,"2,15,34,35,48,50,32",15,2022-05-07 07:56:43.219268
2019-11-05,00353,"3,6,16,17,44,50,28",15,2022-05-07 07:56:43.219268
2019-11-07,00354,"1,12,19,37,44,52,18",15,2022-05-07 07:56:43.219268
2019-11-09,00355,"1,3,6,25,29,41,12",15,2022-05-07 07:56:43.219268
2019-11-12,00356,"10,17,24,27,36,39,33",15,2022-05-07 07:56:43.219268
2019-11-14,00357,"9,12,16,36,41,55,35",15,2022-05-07 07:56:43.219268
2019-11-16,00358,"6,8,18,22,49,52,10",14,2022-05-07 07:56:43.219268
2019-11-19,00359,"19,21,33,35,38,40,4",14,2022-05-07 07:56:43.219268
2019-11-21,00360,"21,24,35,38,42,47,34",14,2022-05-07 07:56:43.219268
2019-11-23,00361,"7,29,30,45,50,55,15",14,2022-05-07 07:56:43.219268
2019-11-26,00362,"7,19,38,41,42,47,4",14,2022-05-07 07:56:43.219268
2019-11-28,00363,"1,18,26,28,53,55,14",14,2022-05-07 07:56:43.219268
2019-11-30,00364,"8,9,10,32,44,50,15",14,2022-05-07 07:56:43.219268
2019-12-03,00365,"21,29,36,41,50,52,42",14,2022-05-07 07:56:43.219268
2019-12-05,00366,"9,11,16,27,35,40,51",13,2022-05-07 07:56:43.219268
2019-12-07,00367,"7,18,38,42,47,51,8",13,2022-05-07 07:56:43.219268
2019-12-10,00368,"5,20,33,42,43,49,26",13,2022-05-07 07:56:43.219268
2019-12-12,00369,"1,9,15,42,49,50,48",13,2022-05-07 07:56:43.219268
2019-12-14,00370,"3,30,33,34,40,47,26",13,2022-05-07 07:56:43.219268
2019-12-17,00371,"4,5,14,19,22,37,43",13,2022-05-07 07:56:43.219268
2019-12-19,00372,"18,22,25,28,29,34,50",13,2022-05-07 07:56:43.223268
2019-12-21,00373,"5,8,20,34,37,42,51",13,2022-05-07 07:56:43.223268
2019-12-24,00374,"3,16,30,34,50,55,48",12,2022-05-07 07:56:43.223268
2019-12-26,00375,"5,6,12,18,23,54,26",12,2022-05-07 07:56:43.223268
2019-12-28,00376,"10,17,26,28,29,32,21",12,2022-05-07 07:56:43.223268
2019-12-31,00377,"2,22,26,28,44,55,27",12,2022-05-07 07:56:43.223268
2020-01-02,00378,"12,14,26,29,33,40,50",12,2022-05-07 07:56:43.223268
2020-01-04,00379,"4,14,26,42,44,55,48",12,2022-05-07 07:56:43.223268
2020-01-07,00380,"8,11,16,22,42,54,13",12,2022-05-07 07:56:43.223268
2020-01-09,00381,"17,20,21,29,52,54,51",12,2022-05-07 07:56:43.223268
2020-01-11,00382,"8,11,17,19,25,47,53",11,2022-05-07 07:56:43.223268
2020-01-14,00383,"3,4,17,39,50,51,53",11,2022-05-07 07:56:43.223268
2020-01-16,00384,"10,11,26,33,44,46,55",11,2022-05-07 07:56:43.223268
2020-01-18,00385,"13,18,19,23,32,43,11",11,2022-05-07 07:56:43.223268
2020-01-21,00386,"14,31,45,47,52,54,13",11,2022-05-07 07:56:43.223268
2020-01-23,00387,"9,15,18,25,31,49,46",11,2022-05-07 07:56:43.223268
2020-01-28,00388,"1,20,24,33,40,55,46",11,2022-05-07 07:56:43.223268
2020-01-30,00389,"12,18,28,30,47,50,41",11,2022-05-07 07:56:43.223268
2020-02-01,00390,"2,3,11,23,35,54,6",10,2022-05-07 07:56:43.223268
2020-02-04,00391,"6,10,20,47,52,55,46",10,2022-05-07 07:56:43.223268
2020-02-06,00392,"13,18,34,36,45,49,37",10,2022-05-07 07:56:43.223268
2020-02-08,00393,"9,12,19,25,41,54,38",10,2022-05-07 07:56:43.223268
2020-02-11,00394,"4,14,18,21,32,53,2",10,2022-05-07 07:56:43.223268
2020-02-13,00395,"25,28,32,34,35,39,7",10,2022-05-07 07:56:43.223268
2020-02-15,00396,"26,36,37,38,42,49,46",10,2022-05-07 07:56:43.223268
2020-02-18,00397,"27,32,36,37,47,48,50",10,2022-05-07 07:56:43.223268
2020-02-20,00398,"1,3,20,33,36,51,49",9,2022-05-07 07:56:43.223268
2020-02-22,00399,"7,24,32,49,51,54,44",9,2022-05-07 07:56:43.223268
2020-02-25,00400,"5,13,21,36,39,48,6",9,2022-05-07 07:56:43.223268
2020-02-27,00401,"3,11,21,29,47,55,50",9,2022-05-07 07:56:43.223268
2020-02-29,00402,"9,17,23,26,51,54,32",9,2022-05-07 07:56:43.223268
2020-03-03,00403,"14,15,31,40,43,49,12",9,2022-05-07 07:56:43.223268
2020-03-05,00404,"8,9,34,40,41,54,13",9,2022-05-07 07:56:43.223268
2020-03-07,00405,"5,11,21,30,40,48,20",9,2022-05-07 07:56:43.223268
2020-03-10,00406,"23,25,30,36,45,52,53",8,2022-05-07 07:56:43.223268
2020-03-12,00407,"2,14,19,24,27,34,48",8,2022-05-07 07:56:43.223268
2020-03-14,00408,"12,20,25,38,39,40,37",8,2022-05-07 07:56:43.223268
2020-03-17,00409,"1,14,18,43,49,50,8",8,2022-05-07 07:56:43.223268
2020-03-19,00410,"3,35,41,42,43,49,31",8,2022-05-07 07:56:43.223268
2020-03-21,00411,"10,12,14,17,29,53,25",8,2022-05-07 07:56:43.223268
2020-03-24,00412,"3,9,20,21,33,52,50",8,2022-05-07 07:56:43.223268
2020-03-26,00413,"7,8,11,31,35,36,45",8,2022-05-07 07:56:43.223268
2020-03-28,00414,"1,10,11,13,27,55,19",7,2022-05-07 07:56:43.223268
2020-03-31,00415,"12,19,40,41,43,53,23",7,2022-05-07 07:56:43.223268
2020-04-25,00416,"4,18,24,30,53,55,13",7,2022-05-07 07:56:43.223268
2020-04-28,00417,"4,6,10,16,30,46,34",7,2022-05-07 07:56:43.223268
2020-04-30,00418,"12,31,32,33,39,41,14",7,2022-05-07 07:56:43.223268
2020-05-02,00419,"2,6,9,16,43,53,19",7,2022-05-07 07:56:43.223268
2020-05-05,00420,"1,4,13,15,18,20,22",7,2022-05-07 07:56:43.223268
2020-05-07,00421,"9,19,28,30,32,54,22",7,2022-05-07 07:56:43.223268
2020-05-09,00422,"18,19,30,39,45,46,11",6,2022-05-07 07:56:43.223268
2020-05-12,00423,"1,8,25,34,38,44,28",6,2022-05-07 07:56:43.223268
2020-05-14,00424,"7,23,29,47,51,55,12",6,2022-05-07 07:56:43.223268
2020-05-16,00425,"19,35,38,49,52,55,1",6,2022-05-07 07:56:43.223268
2020-05-19,00426,"5,15,16,19,49,55,3",6,2022-05-07 07:56:43.223268
2020-05-21,00427,"2,15,22,25,30,46,10",6,2022-05-07 07:56:43.223268
2020-05-23,00428,"4,13,27,47,50,55,31",6,2022-05-07 07:56:43.223268
2020-05-26,00429,"11,12,23,24,34,47,43",6,2022-05-07 07:56:43.223268
2020-05-28,00430,"1,4,8,21,44,49,52",5,2022-05-07 07:56:43.223268
2020-05-30,00431,"12,13,41,42,48,53,20",5,2022-05-07 07:56:43.223268
2020-06-02,00432,"4,19,31,42,48,55,22",5,2022-05-07 07:56:43.223268
2020-06-04,00433,"6,12,16,34,39,54,19",5,2022-05-07 07:56:43.223268
2020-06-06,00434,"8,12,24,32,35,51,21",5,2022-05-07 07:56:43.223268
2020-06-09,00435,"1,3,8,22,42,48,44",5,2022-05-07 07:56:43.223268
2020-06-11,00436,"3,21,25,32,35,52,34",5,2022-05-07 07:56:43.223268
2020-06-13,00437,"7,9,11,30,43,53,10",5,2022-05-07 07:56:43.223268
2020-06-16,00438,"2,15,16,23,33,54,45",4,2022-05-07 07:56:43.223268
2020-06-18,00439,"5,18,27,45,50,54,9",4,2022-05-07 07:56:43.223268
2020-06-20,00440,"5,9,33,43,44,50,46",4,2022-05-07 07:56:43.223268
2020-06-23,00441,"2,18,28,46,52,54,19",4,2022-05-07 07:56:43.223268
2020-06-25,00442,"9,10,12,19,27,40,55",4,2022-05-07 07:56:43.223268
2020-06-27,00443,"2,6,38,47,50,53,14",4,2022-05-07 07:56:43.223268
2020-06-30,00444,"5,11,18,19,20,21,52",4,2022-05-07 07:56:43.223268
2020-07-02,00445,"4,10,20,38,48,53,5",4,2022-05-07 07:56:43.223268
2020-07-04,00446,"3,9,10,18,29,45,36",3,2022-05-07 07:56:43.223268
2020-07-07,00447,"7,24,32,35,48,50,1",3,2022-05-07 07:56:43.223268
2020-07-09,00448,"3,10,11,17,26,54,21",3,2022-05-07 07:56:43.223268
2020-07-11,00449,"3,4,6,14,20,38,35",3,2022-05-07 07:56:43.223268
2020-07-14,00450,"5,22,32,34,43,51,12",3,2022-05-07 07:56:43.227268
2020-07-16,00451,"2,5,11,20,24,32,6",3,2022-05-07 07:56:43.227268
2020-07-18,00452,"3,13,22,28,30,53,16",3,2022-05-07 07:56:43.227268
2020-07-21,00453,"6,14,31,37,38,44,4",3,2022-05-07 07:56:43.227268
2020-07-23,00454,"4,12,31,47,49,52,2",2,2022-05-07 07:56:43.227268
2020-07-25,00455,"2,19,21,34,54,55,24",2,2022-05-07 07:56:43.227268
2020-07-28,00456,"3,11,20,34,44,54,16",2,2022-05-07 07:56:43.227268
2020-07-30,00457,"6,7,16,26,29,54,4",2,2022-05-07 07:56:43.227268
2020-08-01,00458,"13,18,29,30,40,47,4",2,2022-05-07 07:56:43.227268
2020-08-04,00459,"10,15,20,21,32,51,8",2,2022-05-07 07:56:43.227268
2020-08-06,00460,"2,5,21,24,26,27,11",2,2022-05-07 07:56:43.227268
2020-08-08,00461,"3,12,24,26,36,43,8",2,2022-05-07 07:56:43.227268
2020-08-11,00462,"2,12,33,39,52,53,44",1,2022-05-07 07:56:43.227268
2020-08-13,00463,"3,25,28,44,49,54,19",1,2022-05-07 07:56:43.227268
2020-08-15,00464,"1,11,29,30,41,51,4",1,2022-05-07 07:56:43.227268
2020-08-18,00465,"22,41,44,46,51,52,2",1,2022-05-07 07:56:43.227268
2020-08-20,00466,"14,18,28,32,33,36,41",1,2022-05-07 07:56:43.227268
2020-08-22,00467,"1,20,24,26,35,51,12",1,2022-05-07 07:56:43.227268
2020-08-25,00468,"21,35,36,38,44,47,14",1,2022-05-07 07:56:43.227268
2020-08-29,00469,"1,4,14,28,35,53,2",1,2022-05-07 07:56:43.227268
2020-09-01,00470,"11,22,24,47,49,53,3",0,2022-05-07 07:56:43.227268
2020-09-03,00471,"7,9,18,22,35,54,50",0,2022-05-07 07:56:43.227268
2020-09-05,00472,"9,12,19,22,31,46,20",0,2022-05-07 07:56:43.227268
2020-09-08,00473,"22,47,48,52,53,55,14",0,2022-05-07 07:56:43.227268
2020-09-10,00474,"18,25,27,37,45,50,52",0,2022-05-07 07:56:43.227268
2020-09-12,00475,"20,21,24,30,31,44,40",0,2022-05-07 07:56:43.227268
2020-09-15,00476,"13,14,15,17,26,53,21",0,2022-05-07 07:56:43.227268
2020-09-17,00477,"1,5,28,43,44,53,49",0,2022-05-07 07:56:43.227268
2020-09-19,00478,"4,7,8,29,31,41,38",0,2022-05-07 07:56:43.227268
2020-09-22,00479,"5,8,15,18,36,45,6",0,2022-05-07 07:56:43.227268
2020-09-24,00480,"12,28,41,42,52,53,50",0,2022-05-07 07:56:43.227268
2020-09-26,00481,"7,10,13,15,40,48,1",0,2022-05-07 07:56:43.227268
2020-09-29,00482,"1,6,7,13,30,55,34",0,2022-05-07 07:56:43.227268
2020-10-01,00483,"3,6,7,19,38,54,50",0,2022-05-07 07:56:43.227268
2020-10-03,00484,"12,14,22,23,39,44,28",0,2022-05-07 07:56:43.227268
2020-10-06,00485,"11,14,29,32,33,40,35",0,2022-05-07 07:56:43.227268
2020-10-08,00486,"10,18,20,21,26,51,52",0,2022-05-07 07:56:43.227268
2020-10-10,00487,"5,10,47,50,53,54,22",0,2022-05-07 07:56:43.227268
2020-10-13,00488,"12,19,28,29,52,53,20",0,2022-05-07 07:56:43.227268
2020-10-15,00489,"8,38,41,47,50,52,45",0,2022-05-07 07:56:43.227268
2020-10-17,00490,"3,14,25,37,49,54,53",0,2022-05-07 07:56:43.227268
2020-10-20,00491,"8,33,38,47,49,54,31",0,2022-05-07 07:56:43.227268
2020-10-22,00492,"2,3,12,21,24,38,14",0,2022-05-07 07:56:43.227268
2020-10-24,00493,"12,21,22,27,41,50,34",0,2022-05-07 07:56:43.227268
2020-10-27,00494,"3,31,33,36,38,39,8",0,2022-05-07 07:56:43.227268
2020-10-29,00495,"9,11,14,16,21,23,54",0,2022-05-07 07:56:43.227268
2020-10-31,00496,"8,18,19,20,43,54,50",0,2022-05-07 07:56:43.227268
2020-11-03,00497,"2,22,27,46,48,52,23",0,2022-05-07 07:56:43.227268
2020-11-05,00498,"1,2,6,18,34,51,52",0,2022-05-07 07:56:43.227268
2020-11-07,00499,"12,28,30,33,45,52,15",0,2022-05-07 07:56:43.227268
2020-11-10,00500,"2,5,19,39,48,53,6",0,2022-05-07 07:56:43.227268
2020-11-12,00501,"4,20,22,25,43,47,12",0,2022-05-07 07:56:43.227268
2020-11-14,00502,"5,11,15,34,44,48,35",0,2022-05-07 07:56:43.227268
2020-11-17,00503,"6,17,27,34,36,51,48",0,2022-05-07 07:56:43.227268
2020-11-19,00504,"12,15,23,28,45,48,43",0,2022-05-07 07:56:43.227268
2020-11-21,00505,"8,14,19,20,49,51,28",0,2022-05-07 07:56:43.227268
2020-11-24,00506,"4,7,19,20,22,53,23",0,2022-05-07 07:56:43.227268
2020-11-26,00507,"18,19,29,31,36,52,50",0,2022-05-07 07:56:43.227268
2020-11-28,00508,"1,20,36,44,45,49,52",24,2022-05-07 07:56:43.227268
2020-12-01,00509,"6,10,12,24,34,43,15",24,2022-05-07 07:56:43.227268
2020-12-03,00510,"5,19,32,41,42,45,17",24,2022-05-07 07:56:43.227268
2020-12-05,00511,"10,28,29,30,37,38,36",24,2022-05-07 07:56:43.227268
2020-12-08,00512,"2,17,32,33,38,45,37",24,2022-05-07 07:56:43.231268
2020-12-10,00513,"3,31,34,36,44,54,45",24,2022-05-07 07:56:43.231268
2020-12-12,00514,"3,14,32,36,41,46,54",24,2022-05-07 07:56:43.231268
2020-12-15,00515,"10,11,13,35,38,49,14",24,2022-05-07 07:56:43.231268
2020-12-17,00516,"15,25,27,35,40,48,45",24,2022-06-23 08:27:33.960332
2020-12-19,00517,"14,20,32,34,37,49,31",24,2022-06-23 08:27:33.960332
2020-12-22,00518,"10,11,16,29,35,38,3",24,2022-06-23 08:27:33.960332
2020-12-24,00519,"11,19,34,41,44,48,43",24,2022-06-23 08:27:33.960332
2020-12-26,00520,"1,24,33,41,43,51,48",24,2022-06-23 08:27:33.960332
2020-12-29,00521,"4,8,11,15,17,41,23",24,2022-06-23 08:27:33.960332
2020-12-31,00522,"2,15,25,27,37,51,53",24,2022-06-23 08:27:33.960332
2021-01-02,00523,"7,19,23,26,35,45,11",24,2022-06-23 08:27:33.960332
2021-01-05,00524,"5,7,9,22,42,54,47",24,2022-06-23 08:27:33.960332
2021-01-07,00525,"7,11,22,38,48,51,53",24,2022-06-23 08:27:33.960332
2021-01-09,00526,"10,19,24,29,46,48,5",24,2022-06-23 08:27:33.960332
2021-01-12,00527,"19,23,29,34,44,53,35",24,2022-06-23 08:27:33.960332
2021-01-14,00528,"1,4,42,44,46,50,9",24,2022-06-23 08:27:33.960332
2021-01-16,00529,"13,15,28,29,32,44,49",24,2022-06-23 08:27:33.960332
2021-01-19,00530,"5,22,25,43,48,53,18",24,2022-06-23 08:27:33.960332
2021-01-21,00531,"9,20,22,31,47,52,18",24,2022-06-23 08:27:33.960332
2021-01-23,00532,"12,31,39,41,45,55,34",24,2022-06-23 08:27:33.960332
2021-01-26,00533,"7,16,32,42,44,47,35",24,2022-06-23 08:27:33.960332
2021-01-28,00534,"3,4,16,34,40,55,2",24,2022-06-23 08:27:33.960332
2021-01-30,00535,"2,7,17,18,21,29,19",24,2022-06-23 08:27:33.960332
2021-02-02,00536,"4,13,31,36,40,54,30",24,2022-06-23 08:27:33.960332
2021-02-04,00537,"28,43,44,50,51,53,13",24,2022-06-23 08:27:33.960332
2021-02-06,00538,"6,22,32,33,35,53,12",24,2022-06-23 08:27:33.960332
2021-02-09,00539,"15,20,21,29,31,41,34",24,2022-06-23 08:27:33.960332
2021-02-13,00540,"3,11,14,31,34,42,24",24,2022-06-23 08:27:33.960332
2021-02-16,00541,"4,10,11,21,23,44,50",24,2022-06-23 08:27:33.960332
2021-02-18,00542,"2,5,10,22,26,47,53",24,2022-06-23 08:27:33.960332
2021-02-20,00543,"1,2,4,32,34,39,20",24,2022-06-23 08:27:33.960332
2021-02-23,00544,"16,19,21,23,30,48,6",24,2022-06-23 08:27:33.960332
2021-02-25,00545,"9,19,32,40,45,51,1",24,2022-06-23 08:27:33.960332
2021-02-27,00546,"6,11,24,30,50,52,22",24,2022-06-23 08:27:33.960332
2021-03-02,00547,"23,29,45,46,49,51,1",24,2022-06-23 08:27:33.960332
2021-03-04,00548,"2,9,21,23,33,41,45",23,2022-06-23 08:27:33.960332
2021-03-06,00549,"18,24,34,39,46,55,4",23,2022-06-23 08:27:33.960332
2021-03-09,00550,"15,18,29,35,47,54,20",23,2022-06-23 08:27:33.960332
2021-03-11,00551,"4,5,12,25,43,44,27",23,2022-06-23 08:27:33.960332
2021-03-13,00552,"7,19,20,23,36,55,9",23,2022-06-23 08:27:33.960332
2021-03-16,00553,"3,31,45,46,49,54,40",23,2022-06-23 08:27:33.960332
2021-03-18,00554,"17,24,38,41,46,54,51",23,2022-06-23 08:27:33.960332
2021-03-20,00555,"16,18,20,25,35,36,17",23,2022-06-23 08:27:33.960332
2021-03-23,00556,"9,13,17,33,34,53,31",22,2022-06-23 08:27:33.960332
2021-03-25,00557,"19,20,24,29,36,39,22",22,2022-06-23 08:27:33.960332
2021-03-27,00558,"5,11,17,20,26,37,12",22,2022-06-23 08:27:33.960332
2021-03-30,00559,"2,11,17,19,47,51,22",22,2022-06-23 08:27:33.960332
2021-04-01,00560,"13,18,24,34,38,54,8",22,2022-06-23 08:27:33.960332
2021-04-03,00561,"2,4,34,38,41,55,19",22,2022-06-23 08:27:33.964332
2021-04-06,00562,"27,33,34,38,46,48,5",22,2022-06-23 08:27:33.964332
2021-04-08,00563,"8,11,16,22,28,30,45",22,2022-06-23 08:27:33.964332
2021-04-10,00564,"12,13,16,17,27,47,49",21,2022-06-23 08:27:33.964332
2021-04-13,00565,"25,33,39,45,49,55,36",21,2022-06-23 08:27:33.964332
2021-04-15,00566,"5,8,27,42,47,51,36",21,2022-06-23 08:27:33.964332
2021-04-17,00567,"4,15,16,29,42,46,36",21,2022-06-23 08:27:33.964332
2021-04-20,00568,"18,25,38,43,47,51,11",21,2022-06-23 08:27:33.964332
2021-04-22,00569,"5,11,17,25,39,48,22",21,2022-06-23 08:27:33.964332
2021-04-24,00570,"1,4,5,21,25,44,45",21,2022-06-23 08:27:33.964332
2021-04-27,00571,"3,9,22,26,32,37,41",21,2022-06-23 08:27:33.964332
2021-04-29,00572,"3,9,23,33,42,44,50",20,2022-06-23 08:27:33.964332
2021-05-01,00573,"3,7,14,22,41,42,10",20,2022-06-23 08:27:33.964332
2021-05-04,00574,"7,24,45,48,49,53,14",20,2022-06-23 08:27:33.964332
2021-05-06,00575,"15,19,24,31,44,53,32",20,2022-06-23 08:27:33.964332
2021-05-08,00576,"14,23,26,37,42,51,40",20,2022-06-23 08:27:33.964332
2021-05-11,00577,"1,14,41,44,46,53,48",20,2022-06-23 08:27:33.964332
2021-05-13,00578,"13,24,25,35,39,41,29",20,2022-06-23 08:27:33.964332
2021-05-15,00579,"1,5,6,13,23,27,46",20,2022-06-23 08:27:33.964332
2021-05-18,00580,"6,7,22,32,38,47,27",19,2022-06-23 08:27:33.964332
2021-05-20,00581,"7,10,12,19,42,54,24",19,2022-06-23 08:27:33.964332
2021-05-22,00582,"15,27,37,45,46,52,31",19,2022-06-23 08:27:33.964332
2021-05-25,00583,"6,10,33,35,36,43,8",19,2022-06-23 08:27:33.964332
2021-05-27,00584,"3,7,18,22,40,46,14",19,2022-06-23 08:27:33.964332
2021-05-29,00585,"2,11,31,37,43,55,14",19,2022-06-23 08:27:33.964332
2021-06-01,00586,"6,12,14,27,43,45,38",19,2022-06-23 08:27:33.964332
2021-06-03,00587,"4,8,21,24,26,47,43",19,2022-06-23 08:27:33.964332
2021-06-05,00588,"14,22,25,39,41,52,17",18,2022-06-23 08:27:33.964332
2021-06-08,00589,"16,28,33,41,42,54,12",18,2022-06-23 08:27:33.964332
2021-06-10,00590,"11,22,24,27,43,54,45",18,2022-06-23 08:27:33.964332
2021-06-12,00591,"4,16,17,20,27,44,30",18,2022-06-23 08:27:33.964332
2021-06-15,00592,"11,18,21,22,30,55,35",18,2022-06-23 08:27:33.964332
2021-06-17,00593,"18,23,38,41,44,55,40",18,2022-06-23 08:27:33.964332
2021-06-19,00594,"1,3,7,13,28,45,33",18,2022-06-23 08:27:33.964332
2021-06-22,00595,"3,9,32,33,41,43,40",18,2022-06-23 08:27:33.964332
2021-06-24,00596,"3,16,17,24,41,44,37",17,2022-06-23 08:27:33.964332
2021-06-26,00597,"6,16,17,20,49,52,27",17,2022-06-23 08:27:33.964332
2021-06-29,00598,"5,14,24,36,44,55,48",17,2022-06-23 08:27:33.964332
2021-07-01,00599,"4,15,28,30,49,52,55",17,2022-06-23 08:27:33.964332
2021-07-03,00600,"4,25,30,38,50,55,53",17,2022-06-23 08:27:33.964332
2021-07-06,00601,"17,20,22,24,30,54,51",17,2022-06-23 08:27:33.964332
2021-07-08,00602,"3,32,34,42,44,54,35",17,2022-06-23 08:27:33.964332
2021-07-10,00603,"7,8,17,37,47,48,27",17,2022-06-23 08:27:33.964332
2021-07-13,00604,"5,11,18,27,34,43,42",16,2022-06-23 08:27:33.964332
2021-07-15,00605,"3,4,12,16,30,50,20",16,2022-06-23 08:27:33.964332
2021-07-17,00606,"2,7,11,21,31,42,45",16,2022-06-23 08:27:33.964332
2021-07-20,00607,"2,8,11,13,17,26,53",16,2022-06-23 08:27:33.964332
2021-07-22,00608,"2,20,24,39,46,53,55",16,2022-06-23 08:27:33.964332
2021-08-19,00609,"5,9,12,20,43,51,13",16,2022-06-23 08:27:33.964332
2021-08-21,00610,"22,24,27,37,38,48,14",16,2022-06-23 08:27:33.964332
2021-08-24,00611,"2,4,7,18,30,35,20",16,2022-06-23 08:27:33.964332
2021-08-26,00612,"11,13,20,51,53,55,4",15,2022-06-23 08:27:33.964332
2021-08-28,00613,"10,16,26,27,34,48,51",15,2022-06-23 08:27:33.964332
2021-08-31,00614,"7,20,37,47,51,53,5",15,2022-06-23 08:27:33.964332
2021-09-02,00615,"1,8,12,26,28,45,43",15,2022-06-23 08:27:33.964332
2021-09-04,00616,"11,12,32,42,43,51,31",15,2022-06-23 08:27:33.964332
2021-09-07,00617,"19,30,35,43,47,55,12",15,2022-06-23 08:27:33.964332
2021-09-09,00618,"6,8,10,23,39,44,43",15,2022-06-23 08:27:33.964332
2021-09-11,00619,"8,17,20,36,39,44,30",15,2022-06-23 08:27:33.964332
2021-09-14,00620,"17,22,30,40,43,44,41",14,2022-06-23 08:27:33.964332
2021-09-16,00621,"10,16,40,43,45,46,22",14,2022-06-23 08:27:33.964332
2021-09-18,00622,"3,14,15,21,47,52,54",14,2022-06-23 08:27:33.964332
2021-09-21,00623,"15,24,25,40,42,50,49",14,2022-06-23 08:27:33.964332
2021-09-23,00624,"6,7,21,25,27,49,26",14,2022-06-23 08:27:33.964332
2021-09-25,00625,"7,20,27,43,48,51,37",14,2022-06-23 08:27:33.964332
2021-09-28,00626,"7,22,25,40,49,50,37",14,2022-06-23 08:27:33.964332
2021-09-30,00627,"18,23,26,32,46,49,54",14,2022-06-23 08:27:33.964332
2021-10-02,00628,"5,6,22,26,49,51,32",13,2022-06-23 08:27:33.964332
2021-10-05,00629,"11,16,17,19,38,43,24",13,2022-06-23 08:27:33.964332
2021-10-07,00630,"6,15,21,24,45,55,46",13,2022-06-23 08:27:33.964332
2021-10-09,00631,"1,22,25,38,39,54,19",13,2022-06-23 08:27:33.964332
2021-10-12,00632,"14,17,31,33,42,50,40",13,2022-06-23 08:27:33.964332
2021-10-14,00633,"9,21,24,30,41,44,40",13,2022-06-23 08:27:33.964332
2021-10-16,00634,"9,17,22,28,50,55,7",13,2022-06-23 08:27:33.964332
2021-10-19,00635,"3,9,25,29,46,50,18",13,2022-06-23 08:27:33.964332
2021-10-21,00636,"3,19,32,36,41,51,35",12,2022-06-23 08:27:33.964332
2021-10-23,00637,"5,11,19,26,28,33,9",12,2022-06-23 08:27:33.964332
2021-10-26,00638,"21,24,29,34,39,53,20",12,2022-06-23 08:27:33.964332
2021-10-28,00639,"2,4,6,13,31,35,16",12,2022-06-23 08:27:33.964332
2021-10-30,00640,"31,36,40,44,50,53,11",12,2022-06-23 08:27:33.964332
2021-11-02,00641,"37,38,42,46,47,55,23",12,2022-06-23 08:27:33.964332
2021-11-04,00642,"5,10,15,31,32,50,28",12,2022-06-23 08:27:33.964332
2021-11-06,00643,"23,31,41,48,49,51,3",12,2022-06-23 08:27:33.964332
2021-11-09,00644,"12,25,26,47,51,53,16",11,2022-06-23 08:27:33.964332
2021-11-11,00645,"3,35,37,41,45,49,31",11,2022-06-23 08:27:33.964332
2021-11-13,00646,"18,22,29,33,46,48,37",11,2022-06-23 08:27:33.964332
2021-11-16,00647,"8,19,27,34,46,51,2",11,2022-06-23 08:27:33.964332
2021-11-18,00648,"18,30,32,37,39,40,10",11,2022-06-23 08:27:33.964332
2021-11-20,00649,"6,10,29,30,31,51,35",11,2022-06-23 08:27:33.964332
2021-11-23,00650,"5,7,9,28,38,55,50",11,2022-06-23 08:27:33.964332
2021-11-25,00651,"16,18,24,29,33,41,43",11,2022-06-23 08:27:33.964332
2021-11-27,00652,"2,5,7,21,31,37,44",10,2022-06-23 08:27:33.964332
2021-11-30,00653,"12,21,23,28,33,46,38",10,2022-06-23 08:27:33.964332
2021-12-02,00654,"6,23,28,31,44,48,14",10,2022-06-23 08:27:33.964332
2021-12-04,00655,"7,9,31,32,36,49,37",10,2022-06-23 08:27:33.964332
2021-12-07,00656,"4,6,22,32,34,53,41",10,2022-06-23 08:27:33.964332
2021-12-09,00657,"3,14,33,40,41,50,17",10,2022-06-23 08:27:33.964332
2021-12-11,00658,"8,13,17,22,42,51,45",10,2022-06-23 08:27:33.964332
2021-12-14,00659,"10,16,19,24,39,50,29",10,2022-06-23 08:27:33.964332
2021-12-16,00660,"19,24,30,41,43,49,55",9,2022-06-23 08:27:33.964332
2021-12-18,00661,"4,6,19,26,38,41,16",9,2022-06-23 08:27:33.964332
2021-12-21,00662,"23,25,28,49,52,54,44",9,2022-06-23 08:27:33.964332
2021-12-23,00663,"8,22,29,43,45,54,23",9,2022-06-23 08:27:33.964332
2021-12-25,00664,"6,8,23,25,33,35,27",9,2022-06-23 08:27:33.964332
2021-12-28,00665,"3,8,9,40,44,48,2",9,2022-06-23 08:27:33.964332
2021-12-30,00666,"9,25,27,32,37,46,23",9,2022-06-23 08:27:33.964332
2022-01-01,00667,"4,25,28,32,33,55,3",9,2022-06-23 08:27:33.964332
2022-01-04,00668,"11,17,22,28,39,49,43",8,2022-06-23 08:27:33.964332
2022-01-06,00669,"4,8,14,21,30,49,38",8,2022-06-23 08:27:33.964332
2022-01-08,00670,"6,17,37,41,48,50,13",8,2022-06-23 08:27:33.964332
2022-01-11,00671,"12,25,26,28,33,46,22",8,2022-06-23 08:27:33.964332
2022-01-13,00672,"7,12,17,26,37,46,28",8,2022-06-23 08:27:33.964332
2022-01-15,00673,"20,26,41,46,47,48,18",8,2022-06-23 08:27:33.964332
2022-01-18,00674,"6,15,16,33,41,43,51",8,2022-06-23 08:27:33.964332
2022-01-20,00675,"8,21,32,34,41,46,48",8,2022-06-23 08:27:33.964332
2022-01-22,00676,"2,6,16,29,37,42,22",7,2022-06-23 08:27:33.964332
2022-01-25,00677,"2,16,17,20,31,51,50",7,2022-06-23 08:27:33.964332
2022-01-27,00678,"1,26,31,36,40,46,28",7,2022-06-23 08:27:33.964332
2022-01-29,00679,"6,10,17,23,25,38,21",7,2022-06-23 08:27:33.964332
2022-02-03,00680,"13,18,22,35,42,43,3",7,2022-06-23 08:27:33.964332
2022-02-05,00681,"1,17,23,29,44,45,37",7,2022-06-23 08:27:33.964332
2022-02-08,00682,"12,15,21,28,32,40,43",7,2022-06-23 08:27:33.964332
2022-02-10,00683,"3,15,26,35,43,52,7",7,2022-06-23 08:27:33.964332
2022-02-12,00684,"4,8,12,42,44,51,41",6,2022-06-23 08:27:33.964332
2022-02-15,00685,"5,7,14,24,29,36,46",6,2022-06-23 08:27:33.964332
2022-02-17,00686,"5,24,40,42,46,54,3",6,2022-06-23 08:27:33.964332
2022-02-19,00687,"1,11,14,33,46,48,40",6,2022-06-23 08:27:33.964332
2022-02-22,00688,"9,16,19,23,25,39,4",6,2022-06-23 08:27:33.964332
2022-02-24,00689,"2,15,25,30,31,32,13",6,2022-06-23 08:27:33.964332
2022-02-26,00690,"5,8,30,36,49,51,18",6,2022-06-23 08:27:33.964332
2022-03-01,00691,"15,19,25,42,51,53,2",6,2022-06-23 08:27:33.964332
2022-03-03,00692,"4,10,16,25,26,43,52",5,2022-06-23 08:27:33.964332
2022-03-05,00693,"5,12,15,25,43,48,1",5,2022-06-23 08:27:33.964332
2022-03-08,00694,"3,23,25,39,47,48,55",5,2022-06-23 08:27:33.964332
2022-03-10,00695,"1,3,8,16,19,36,41",5,2022-06-23 08:27:33.964332
2022-03-12,00696,"12,16,18,26,30,45,36",5,2022-06-23 08:27:33.964332
2022-03-15,00697,"6,14,24,28,33,52,50",5,2022-06-23 08:27:33.964332
2022-03-17,00698,"1,6,12,21,37,49,53",5,2022-06-23 08:27:33.964332
2022-03-19,00699,"8,20,24,37,51,55,27",5,2022-06-23 08:27:33.964332
2022-03-22,00700,"1,14,18,28,47,49,22",4,2022-06-23 08:27:33.964332
2022-03-24,00701,"5,9,16,35,45,46,44",4,2022-06-23 08:27:33.964332
2022-03-26,00702,"1,6,16,30,34,55,29",4,2022-06-23 08:27:33.964332
2022-03-29,00703,"5,11,32,35,40,52,31",4,2022-06-23 08:27:33.964332
2022-03-31,00704,"5,24,34,39,42,49,16",4,2022-06-23 08:27:33.964332
2022-04-02,00705,"32,38,42,44,47,55,46",4,2022-06-23 08:27:33.964332
2022-04-05,00706,"5,18,26,36,43,44,45",4,2022-06-23 08:27:33.964332
2022-04-07,00707,"6,14,15,25,29,32,41",4,2022-06-23 08:27:33.964332
2022-04-09,00708,"2,3,19,28,42,45,12",3,2022-06-23 08:27:33.964332
2022-04-12,00709,"11,18,20,22,25,40,5",3,2022-06-23 08:27:33.964332
2022-04-14,00710,"1,5,9,34,37,45,52",3,2022-06-23 08:27:33.964332
2022-04-16,00711,"4,8,39,41,53,55,52",3,2022-06-23 08:27:33.964332
2022-04-19,00712,"2,7,13,28,29,34,39",3,2022-06-23 08:27:33.964332
2022-04-21,00713,"21,24,27,34,38,42,46",3,2022-06-23 08:27:33.964332
2022-04-23,00714,"3,27,36,41,49,55,18",3,2022-06-23 08:27:33.964332
2022-04-26,00715,"14,22,24,25,43,49,17",3,2022-06-23 08:27:33.964332
2022-04-28,00716,"8,24,25,32,37,44,3",2,2022-06-23 08:27:33.964332
2022-04-30,00717,"11,23,51,52,53,54,27",2,2022-06-23 08:27:33.964332
2022-05-03,00718,"1,22,38,48,49,53,42",2,2022-06-23 08:27:33.964332
2022-05-05,00719,"27,29,33,39,47,53,55",2,2022-06-23 08:27:33.964332
2022-05-07,00720,"15,32,33,36,43,46,31",2,2022-06-23 08:27:33.964332
2022-05-10,00721,"12,18,41,43,47,51,10",2,2022-06-23 08:27:33.964332
2022-05-12,00722,"9,18,24,43,44,50,15",2,2022-06-23 08:27:33.964332
2022-05-14,00723,"2,28,30,43,44,55,22",2,2022-06-23 08:27:33.964332
2022-05-17,00724,"11,17,25,29,45,48,53",1,2022-06-23 08:27:33.964332
2022-05-19,00725,"3,6,31,40,47,54,8",1,2022-06-23 08:27:33.964332
2022-05-21,00726,"19,32,38,40,45,48,2",1,2022-06-23 08:27:33.964332
2022-05-24,00727,"18,31,32,46,50,52,28",1,2022-06-23 08:27:33.964332
2022-05-26,00728,"4,30,32,39,41,53,42",1,2022-06-23 08:27:33.964332
2022-05-28,00729,"33,36,38,42,43,46,3",1,2022-06-23 08:27:33.964332
2022-05-31,00730,"4,10,15,16,47,51,23",1,2022-06-23 08:27:33.964332
2022-06-02,00731,"7,11,28,30,33,50,49",1,2022-06-23 08:27:33.964332
2022-06-04,00732,"3,17,27,30,34,49,25",0,2022-06-23 08:27:33.964332
2022-06-07,00733,"16,17,21,28,39,50,19",0,2022-06-23 08:27:33.964332
2022-06-09,00734,"30,31,35,43,48,50,22",0,2022-06-23 08:27:33.964332
2022-06-11,00735,"10,18,23,25,45,47,38",0,2022-06-23 08:27:33.964332
2022-06-14,00736,"2,15,26,32,35,36,16",0,2022-06-23 08:27:33.964332
2022-06-16,00737,"9,13,21,40,51,54,4",0,2022-06-23 08:27:33.964332
2022-06-18,00738,"6,27,43,44,45,47,33",0,2022-06-23 08:27:33.964332
2022-06-21,00739,"9,13,19,21,34,51,35",0,2022-06-23 08:27:33.964332
2022-06-23,00740,"10,22,23,34,46,54,27",0,2022-06-24 17:30:35.017815
2022-06-25,00741,"14,17,31,35,37,40,28",4,2022-09-27 13:03:46.835300
2022-06-28,00742,"5,22,30,32,38,55,33",4,2022-09-27 13:03:46.835248
2022-06-30,00743,"5,11,15,19,29,31,35",4,2022-09-27 13:03:46.835187
2022-07-02,00744,"6,26,39,40,46,47,2",4,2022-09-27 13:03:46.835122
2022-07-05,00745,"5,7,12,26,29,44,38",4,2022-09-27 13:03:46.835069
2022-07-07,00746,"18,24,32,43,48,55,15",4,2022-09-27 13:03:46.835017
2022-07-09,00747,"5,21,24,47,52,55,20",4,2022-09-27 13:03:46.834961
2022-07-12,00748,"12,13,24,25,39,41,9",4,2022-09-27 13:03:46.834883
2022-07-14,00749,"11,25,29,37,39,52,45",3,2022-09-27 13:03:46.827361
2022-07-16,00750,"6,13,18,27,34,46,33",3,2022-09-27 13:03:46.827308
2022-07-19,00751,"8,9,33,34,35,52,36",3,2022-09-27 13:03:46.827250
2022-07-21,00752,"2,20,33,45,51,55,1",3,2022-09-27 13:03:46.827195
2022-07-23,00753,"27,28,29,39,40,54,13",3,2022-09-27 13:03:46.827131
2022-07-26,00754,"5,8,9,13,14,47,53",3,2022-09-27 13:03:46.827062
2022-07-28,00755,"5,6,17,28,29,39,34",3,2022-09-27 13:03:46.826980
2022-07-30,00756,"1,4,24,35,44,47,17",3,2022-09-27 13:03:46.826912
2022-08-02,00757,"2,5,28,40,47,48,31",2,2022-09-27 13:03:55.117705
2022-08-04,00758,"8,9,20,41,48,54,2",2,2022-09-27 13:03:55.117656
2022-08-06,00759,"6,21,27,41,51,53,43",2,2022-09-27 13:03:55.117606
2022-08-09,00760,"9,10,36,41,51,55,52",2,2022-09-27 13:03:55.117556
2022-08-11,00761,"1,12,21,34,48,55,50",2,2022-09-27 13:03:55.117506
2022-08-13,00762,"19,28,29,30,33,36,14",2,2022-09-27 13:03:55.117457
2022-08-16,00763,"17,18,28,47,50,53,11",2,2022-09-27 13:03:55.117407
2022-08-18,00764,"23,27,31,37,38,42,26",2,2022-09-27 13:03:55.117349
2022-08-20,00765,"6,16,29,32,42,51,43",1,2022-09-27 13:03:55.121517
2022-08-23,00766,"13,21,31,41,44,45,27",1,2022-09-27 13:03:55.121467
2022-08-25,00767,"19,30,35,40,49,53,42",1,2022-09-27 13:03:55.121418
2022-08-27,00768,"1,5,7,10,25,48,36",1,2022-09-27 13:03:55.121368
2022-08-30,00769,"2,13,19,29,30,32,16",1,2022-09-27 13:03:55.121317
2022-09-01,00770,"4,14,18,39,50,53,31",1,2022-09-27 13:03:55.121266
2022-09-03,00771,"11,22,31,33,40,46,41",1,2022-09-27 13:03:55.121212
2022-09-06,00772,"1,5,27,43,52,54,15",1,2022-09-27 13:03:55.121144
2022-09-08,00773,"9,13,23,32,36,52,43",0,2022-09-27 13:03:09.980589
2022-09-10,00774,"2,8,15,19,35,38,14",0,2022-09-27 13:03:09.980496
2022-09-13,00775,"9,10,21,40,41,48,54",0,2022-09-27 13:03:09.980403
2022-09-15,00776,"3,8,19,30,41,52,9",0,2022-09-27 13:03:09.980307
2022-09-17,00777,"5,8,19,34,40,49,39",0,2022-09-27 13:03:09.980215
2022-09-20,00778,"8,27,32,43,53,54,45",0,2022-09-27 13:03:09.980119
2022-09-22,00779,"12,14,19,29,44,47,26",0,2022-09-27 13:03:09.980020
2022-09-23,00944,"1,12,21,28,30,44",0,2022-10-11 13:24:08.982356
2022-09-24,00780,"1,4,5,17,42,47,9",0,2022-09-27 13:03:09.979883
2022-09-27,00781,"11,13,23,27,37,43,34",0,2022-09-30 18:03:37.980960
2022-09-29,00782,"15,32,33,37,42,54,28",0,2022-10-11 13:29:13.075403
2022-10-01,00783,"14,15,16,22,23,29,20",0,2022-10-11 13:29:13.075352
2022-10-04,00784,"5,11,12,22,43,45,42",0,2022-10-11 13:29:13.075301
2022-10-06,00785,"6,8,19,20,47,53,7",0,2022-10-11 13:29:13.075247
2022-10-08,00786,"11,17,23,34,41,51,40",0,2022-10-11 13:29:13.075183
2022-10-11,00787,"11,26,34,40,46,52,1",5,2023-01-30 14:08:23.490919
2022-10-13,00788,"12,13,43,48,51,52,15",5,2023-01-30 14:08:23.490863
2022-10-15,00789,"8,15,16,39,45,51,23",5,2023-01-30 14:08:23.490774
2022-10-18,00790,"6,30,36,39,44,46,49",5,2023-01-30 14:08:23.490722
2022-10-20,00791,"15,21,27,34,37,53,29",5,2023-01-30 14:08:23.490672
2022-10-22,00792,"17,19,35,42,51,52,34",5,2023-01-30 14:08:23.490618
2022-10-25,00793,"8,18,20,22,42,46,1",5,2023-01-30 14:08:23.490551
2022-10-27,00794,"1,7,10,17,19,30,53",4,2023-01-30 14:08:23.413476
2022-10-29,00795,"1,3,10,13,15,20,32",4,2023-01-30 14:08:23.413425
2022-11-01,00796,"3,9,20,23,31,54,55",4,2023-01-30 14:08:23.413358
2022-11-03,00797,"8,13,24,28,29,33,49",4,2023-01-30 14:08:23.413310
2022-11-05,00798,"10,19,22,25,47,53,52",4,2023-01-30 14:08:23.413262
2022-11-08,00799,"12,27,33,44,48,50,18",4,2023-01-30 14:08:23.413212
2022-11-10,00800,"8,11,14,27,38,45,21",4,2023-01-30 14:08:23.413161
2022-11-12,00801,"8,18,23,30,35,42,43",4,2023-01-30 14:08:23.413103
2022-11-15,00802,"4,20,26,36,47,51,33",3,2023-01-30 14:08:23.339894
2022-11-17,00803,"1,19,25,27,38,42,54",3,2023-01-30 14:08:23.339847
2022-11-19,00804,"3,15,22,39,46,48,43",3,2023-01-30 14:08:23.339799
2022-11-22,00805,"3,9,21,22,26,35,15",3,2023-01-30 14:08:23.339749
2022-11-24,00806,"4,6,18,27,52,53,10",3,2023-01-30 14:08:23.339676
2022-11-26,00807,"8,23,24,48,49,52,1",3,2023-01-30 14:08:23.339628
2022-11-29,00808,"2,13,16,18,41,42,19",3,2023-01-30 14:08:23.339579
2022-12-01,00809,"11,14,29,31,52,54,7",3,2023-01-30 14:08:23.339518
2022-12-03,00810,"16,17,27,48,52,53,24",2,2023-01-30 14:08:23.279341
2022-12-06,00811,"1,11,25,44,45,46,35",2,2023-01-30 14:08:23.279265
2022-12-08,00812,"6,30,36,41,49,55,20",2,2023-01-30 14:08:23.279214
2022-12-10,00813,"2,12,13,18,33,44,31",0,2022-12-27 21:19:09.546918
2022-12-13,00814,"10,22,31,37,41,52,20",0,2022-12-27 21:19:09.546805
2022-12-15,00815,"2,25,38,50,51,55,21",0,2022-12-27 21:19:09.546700
2022-12-17,00816,"1,2,29,34,41,42,9",0,2022-12-27 21:19:09.546592
2022-12-20,00817,"2,6,9,20,31,35,42",0,2022-12-27 21:19:09.546484
2022-12-22,00818,"14,26,35,43,45,48,3",0,2022-12-27 21:19:09.546375
2022-12-24,00819,"5,19,22,23,30,44,52",0,2022-12-27 21:19:09.546251
2022-12-27,00820,"11,12,13,14,23,55,27",0,2022-12-27 21:19:09.546102
2022-12-29,00821,"6,8,33,37,38,51,48",0,2023-01-02 08:26:29.929667
2022-12-31,00822,"10,15,36,42,45,52,20",0,2023-01-02 08:26:29.929479
2023-01-03,00823,"9,13,24,43,47,48,18",1,2023-01-30 14:08:23.216990
2023-01-05,00824,"5,12,34,37,47,49,28",1,2023-01-30 14:08:23.216940
2023-01-07,00825,"3,4,9,15,33,54,16",0,2023-01-28 11:18:03.561004
2023-01-10,00826,"5,12,14,19,46,51,36",0,2023-01-28 11:18:03.560898
2023-01-12,00827,"5,14,37,45,47,55,25",0,2023-01-28 11:18:03.560797
2023-01-14,00828,"5,17,24,30,43,53,26",0,2023-01-28 11:18:03.560693
2023-01-17,00829,"1,9,20,36,44,50,40",0,2023-01-28 11:18:03.560589
2023-01-19,00830,"3,21,32,33,38,52,30",0,2023-01-28 11:18:03.560475
2023-01-24,00831,"3,5,10,12,29,30,9",0,2023-01-28 11:18:03.560317
2023-01-26,00832,"8,15,18,20,33,41,14",0,2023-01-28 11:18:03.560114
2023-01-28,00833,"9,22,23,29,38,47,33",0,2023-01-30 14:08:23.147970
2023-01-31,00834,"10,11,31,32,38,52,5",0,2023-02-03 10:04:21.631985
2023-02-02,00835,"3,10,23,29,34,53,11",0,2023-02-03 10:04:21.631840
2023-02-04,00836,"2,6,8,27,41,46,20",0,2023-02-05 02:24:18.326584
2023-02-07,00837,"6,27,29,32,39,52,9",0,2023-02-08 02:23:18.568817
2023-02-09,00838,"1,10,29,30,49,50,9",0,2023-02-10 02:26:56.889197
2023-02-11,00839,"4,13,45,48,52,54,5",0,2023-02-12 02:23:13.466584
2023-02-14,00840,"1,9,33,37,43,45,23",0,2023-02-15 02:24:29.438739
2023-02-16,00841,"1,5,7,8,20,22,33",0,2023-02-17 02:26:49.405667
2023-02-18,00842,"11,23,26,29,43,50,5",0,2023-02-19 02:24:41.591808
2023-02-21,00843,"4,12,15,21,30,44,5",0,2023-02-22 02:23:14.497044
2023-02-23,00844,"12,16,29,31,39,48,40",0,2023-02-24 02:21:18.026710
2023-02-25,00845,"1,2,14,21,38,51,50",0,2023-02-26 02:35:23.340895
2023-02-28,00846,"2,13,14,30,43,55,22",0,2023-03-07 03:17:53.145209
2023-03-02,00847,"1,3,23,24,43,48,31",0,2023-03-07 03:17:53.145081
2023-03-04,00848,"9,13,23,36,38,54,21",0,2023-03-07 03:17:53.144932
2023-03-07,00849,"8,22,25,27,39,50,28",0,2023-03-08 02:27:54.972635
2023-03-09,00850,"12,22,28,34,53,54,40",0,2023-03-10 02:35:21.669675
2023-03-11,00851,"13,23,25,30,35,44,8",0,2023-03-12 02:22:54.032223
2023-03-14,00852,"14,15,18,20,27,35,31",0,2023-03-15 02:13:54.656187
2023-03-16,00853,"6,23,34,48,50,55,2",0,2023-03-17 02:12:05.129586
2023-03-18,00854,"18,24,32,33,51,53,36",0,2023-03-19 02:22:48.802241
2023-03-21,00855,"7,17,31,43,45,49,52",0,2023-03-22 02:07:55.842695
2023-03-23,00856,"4,7,22,33,40,49,39",0,2023-03-24 02:08:59.413222
2023-03-25,00857,"17,18,28,40,49,54,16",0,2023-03-26 02:13:43.590802
2023-03-28,00858,"6,21,24,41,50,53,13",0,2023-03-29 02:18:17.329211
2023-03-30,00859,"6,11,14,21,30,32,22",0,2023-03-31 02:10:43.103143
2023-04-01,00860,"12,34,39,44,49,55,14",0,2023-04-02 02:06:23.942821
2023-04-04,00861,"13,28,41,42,47,51,9",0,2023-04-05 01:52:46.673604
2023-04-06,00862,"7,10,12,33,52,54,16",0,2023-04-07 02:01:46.338166
2023-04-08,00863,"17,33,36,46,50,52,40",0,2023-04-09 02:05:49.697922
2023-04-11,00864,"10,14,16,18,37,49,54",0,2023-04-12 02:04:48.655159
2023-04-13,00865,"22,26,28,37,39,48,15",0,2023-04-14 02:03:02.651905
2023-04-15,00866,"1,34,35,36,42,43,5",0,2023-04-16 02:11:04.904610
2023-04-18,00867,"17,18,30,40,51,55,50",0,2023-04-19 02:07:47.759199
2023-04-20,00868,"7,11,32,35,42,51,46",0,2023-04-21 02:05:19.826877
2023-04-22,00869,"9,18,23,24,48,52,10",0,2023-04-23 02:14:41.482449
2023-04-25,00870,"6,10,19,23,25,28,45",0,2023-04-26 02:06:30.917407
2023-04-27,00871,"8,28,38,39,41,45,54",0,2023-04-28 02:06:48.062717
2023-04-29,00872,"2,9,12,24,41,53,35",0,2023-04-30 02:06:44.713173
2023-05-02,00873,"4,11,18,25,33,45,21",0,2023-05-03 02:03:59.114603
2023-05-04,00874,"13,30,32,35,45,52,29",0,2023-05-05 02:01:02.372185
2023-05-06,00875,"1,11,22,28,34,42,10",0,2023-05-07 02:11:55.885988
2023-05-09,00876,"7,9,13,22,44,47,39",0,2023-05-10 02:03:30.249784
2023-05-11,00877,"1,3,19,33,34,51,17",0,2023-05-12 02:02:08.729624
2023-05-13,00878,"22,24,35,43,45,54,50",0,2023-05-14 02:08:30.652180
2023-05-16,00879,"19,24,30,34,40,44,51",0,2023-05-17 02:07:37.068407
2023-05-18,00880,"13,14,21,23,30,41,49",0,2023-05-19 02:06:02.523178
2023-05-20,00881,"1,14,21,36,48,53,44",0,2023-05-21 02:12:05.531059
2023-05-23,00882,"26,27,35,36,47,54,40",0,2023-05-24 02:10:43.745307
2023-05-25,00883,"15,16,19,31,33,46,7",0,2023-05-26 02:06:02.221748
2023-05-27,00884,"4,6,8,18,39,43,28",0,2023-05-28 02:17:52.335978
2023-05-30,00885,"1,14,24,28,40,46,34",0,2023-05-31 02:26:26.493128
2023-06-01,00886,"3,18,40,41,46,47,36",0,2023-06-05 02:25:40.717956
2023-06-03,00887,"23,28,29,36,38,41,7",0,2023-06-05 02:25:40.717820
2023-06-06,00888,"1,14,23,27,44,50,43",0,2023-06-07 02:27:38.353870
2023-06-08,00889,"3,36,38,43,51,53,2",0,2023-06-09 02:32:01.740126
2023-06-10,00890,"10,17,27,32,35,41,54",0,2023-06-15 02:14:07.037453
2023-06-13,00891,"4,14,18,27,47,50,33",0,2023-06-15 02:14:07.037308
2023-06-15,00892,"10,11,25,39,46,55,40",0,2023-06-17 02:10:36.632330
2023-06-17,00893,"7,13,23,34,38,40,55",0,2023-06-19 02:16:31.340007
2023-06-20,00894,"7,23,26,31,35,53,32",0,2023-06-29 02:26:31.545259
2023-06-22,00895,"2,11,14,35,43,51,55",0,2023-06-29 02:26:31.545138
2023-06-24,00896,"8,9,16,20,50,53,3",0,2023-06-29 02:26:31.545006
2023-06-27,00897,"2,12,15,16,27,28,47",0,2023-06-29 02:26:31.544834
2023-06-29,00898,"1,11,12,28,46,54,40",0,2023-06-30 02:23:57.917766
2023-07-01,00899,"13,33,36,38,45,50,25",0,2023-07-03 02:35:00.939956
2023-07-04,00900,"4,13,14,23,33,50,41",0,2023-07-05 02:34:25.831069
2023-07-06,00901,"7,12,29,39,46,55,1",5,2023-10-23 12:09:40.196641
2023-07-08,00902,"8,11,23,43,44,48,41",5,2023-10-23 12:09:40.196575
2023-07-11,00903,"24,40,44,46,47,49,5",5,2023-10-23 12:09:40.196509
2023-07-13,00904,"3,4,30,34,36,49,8",0,2023-07-30 02:01:59.203824
2023-07-15,00905,"2,16,31,37,38,48,36",0,2023-07-30 02:01:59.203733
2023-07-18,00906,"10,11,19,28,42,47,16",0,2023-07-30 02:01:59.203642
2023-07-20,00907,"5,34,36,38,47,50,26",0,2023-07-30 02:01:59.203551
2023-07-22,00908,"9,15,23,25,27,34,41",0,2023-07-30 02:01:59.203460
2023-07-25,00909,"12,23,42,44,51,52,3",0,2023-07-30 02:01:59.203368
2023-07-27,00910,"3,11,13,31,33,45,27",0,2023-07-30 02:01:59.203274
2023-07-29,00911,"16,23,25,26,29,40,32",0,2023-07-30 02:01:59.203159
2023-08-01,00912,"4,18,22,25,33,48,2",0,2023-08-06 01:54:41.524023
2023-08-03,00913,"3,12,22,25,37,39,7",0,2023-08-06 01:54:41.523920
2023-08-05,00914,"22,34,40,47,49,51,44",0,2023-08-06 01:54:41.523771
2023-08-08,00915,"5,6,19,20,40,45,47",0,2023-08-09 02:02:12.805199
2023-08-10,00916,"4,14,31,42,47,49,43",0,2023-08-12 01:43:54.297379
2023-08-12,00917,"13,24,39,43,45,52,8",0,2023-08-14 01:49:13.987538
2023-08-15,00918,"5,12,25,39,40,53,52",0,2023-08-16 01:47:35.569287
2023-08-17,00919,"1,5,25,32,51,52,54",0,2023-08-22 01:49:28.969539
2023-08-19,00920,"7,9,13,22,27,42,23",0,2023-08-22 01:49:28.969424
2023-08-22,00921,"2,3,6,34,35,36,31",0,2023-08-24 01:47:27.382667
2023-08-24,00922,"1,10,20,41,42,50,39",0,2023-08-31 01:50:31.538804
2023-08-26,00923,"5,8,24,38,50,51,47",0,2023-08-31 01:50:31.538705
2023-08-29,00924,"1,8,20,25,35,53,54",0,2023-08-31 01:50:31.538585
2023-08-31,00925,"23,33,37,43,45,46,29",0,2023-09-01 08:10:17.221804
2023-09-02,00926,"12,15,32,44,46,51,48",0,2023-09-02 21:41:25.186072
2023-09-05,00927,"2,6,19,29,34,48,39",0,2023-09-06 14:49:08.276152
2023-09-07,00928,"1,4,36,42,45,54,32",0,2023-09-08 01:51:03.022104
2023-09-09,00929,"13,20,32,37,43,49,40",0,2023-09-11 01:51:49.615349
2023-09-12,00930,"26,31,32,39,45,55,28",0,2023-09-13 01:51:37.560834
2023-09-14,00931,"6,10,20,22,50,52,34",0,2023-09-16 01:48:13.132590
2023-09-16,00932,"25,27,42,51,54,55,45",0,2023-09-17 01:53:12.861058
2023-09-19,00933,"17,29,35,40,51,52,23",1,2023-10-23 12:07:42.262360
2023-09-21,00934,"16,26,33,34,41,43,53",1,2023-10-23 12:07:42.262305
2023-09-23,00935,"20,27,36,43,45,47,35",1,2023-10-23 12:07:42.262249
2023-09-26,00936,"14,20,24,27,41,44,23",1,2023-10-23 12:07:42.262193
2023-09-28,00937,"4,23,36,45,47,50,22",1,2023-10-23 12:07:42.262136
2023-09-30,00938,"3,13,19,30,38,44,51",1,2023-10-23 12:07:42.262076
2023-10-03,00939,"3,15,27,29,37,48,55",1,2023-10-23 12:07:42.262009
2023-10-05,00940,"1,21,33,46,47,53,9",0,2023-10-23 12:07:42.248975
2023-10-07,00941,"4,13,36,40,43,52,34",0,2023-10-23 12:07:42.248907
2023-10-10,00942,"6,23,26,37,44,46,33",0,2023-10-23 12:07:42.248832
2023-10-12,00943,"5,8,9,20,36,50,35",0,2023-10-23 12:07:42.248764
2023-10-17,00945,"13,22,33,41,46,47,9",0,2023-10-23 12:07:42.248607
2023-10-19,00946,"1,23,29,37,51,55,54",0,2023-10-23 12:07:42.248521
2023-10-21,00947,"11,16,24,34,47,52,15",0,2023-10-23 12:07:42.248418
2023-10-24,00948,"12,20,26,33,40,44,24",0,2023-10-25 01:52:06.642402
2023-10-26,00949,"14,22,32,37,43,48,42",0,2023-10-27 01:50:39.268370
2023-10-28,00950,"11,14,25,44,46,47,10",0,2023-10-29 01:54:41.124995
2023-10-31,00951,"10,16,17,28,37,42,43",0,2023-11-01 01:56:23.947915
2023-11-02,00952,"9,15,17,21,26,36,13",0,2023-11-03 01:53:05.026724
2023-11-04,00953,"14,35,37,47,48,50,43",0,2023-11-05 01:56:35.443381
2023-11-07,00954,"12,18,20,28,35,52,25",0,2023-11-08 01:53:40.268192
2023-11-09,00955,"8,17,24,34,39,48,44",0,2023-11-10 01:53:33.989513
2023-11-11,00956,"2,3,4,19,41,42,23",0,2023-11-12 01:57:35.312041
2023-11-14,00957,"4,9,12,15,22,38,40",0,2023-11-15 01:57:01.176688
2023-11-16,00958,"3,5,10,18,44,49,28",0,2023-11-17 01:57:12.382886
2023-11-18,00959,"1,7,10,14,28,29,2",0,2023-11-19 02:00:07.001239
2023-11-21,00960,"3,7,16,37,39,51,9",0,2023-11-22 01:59:17.244656
2023-11-23,00961,"4,6,26,33,52,55,15",0,2023-11-24 01:54:46.125469
2023-11-25,00962,"7,9,10,17,25,53,49",0,2023-11-26 01:58:43.137862
2023-11-28,00963,"10,24,47,48,52,55,28",0,2023-11-29 01:57:26.845472
2023-11-30,00964,"9,13,21,28,50,54,51",0,2023-12-01 02:03:06.596884
2023-12-02,00965,"1,10,20,37,48,51,54",0,2023-12-03 01:58:53.007893
2023-12-05,00966,"2,4,19,32,35,39,49",0,2023-12-06 01:57:50.236694
2023-12-07,00967,"9,13,28,33,50,53,47",0,2023-12-08 01:57:52.841538
2023-12-09,00968,"6,9,26,27,34,47,41",0,2023-12-10 02:00:11.346353
2023-12-12,00969,"6,7,16,21,34,50,31",0,2023-12-13 01:58:19.902112
2023-12-14,00970,"1,12,23,43,48,52,30",0,2023-12-15 01:58:13.068690
2023-12-16,00971,"13,15,21,26,34,35,45",0,2023-12-17 02:00:29.658626
2023-12-19,00972,"11,14,15,24,34,53,18",0,2023-12-20 01:36:03.388604
2023-12-21,00973,"9,31,39,41,47,48,3",0,2023-12-22 01:54:39.187932
2023-12-23,00974,"22,32,39,46,48,49,43",0,2023-12-24 01:58:14.509032
2023-12-26,00975,"10,14,17,27,29,40,25",0,2023-12-27 01:53:42.213866
2023-12-28,00976,"20,28,30,40,45,52,32",0,2023-12-29 01:45:40.149352
2023-12-30,00977,"9,17,29,32,38,52,2",0,2023-12-31 01:58:57.975929
2024-01-02,00978,"2,5,18,31,37,45,20",0,2024-01-03 01:55:51.518435
2024-01-04,00979,"7,34,37,43,52,54,28",0,2024-01-05 01:56:58.670256
2024-01-06,00980,"15,17,21,24,34,46,11",0,2024-01-07 02:01:38.174068
2024-01-09,00981,"16,32,45,50,52,53,54",0,2024-01-10 01:58:56.010269
2024-01-11,00982,"2,23,32,44,51,52,28",0,2024-01-12 01:59:00.930960
2024-01-13,00983,"1,5,7,23,35,42,21",0,2024-01-14 02:02:06.708905
2024-01-16,00984,"9,14,18,20,27,43,42",0,2024-01-17 01:58:33.996680
2024-01-18,00985,"12,20,33,38,40,52,35",0,2024-01-19 01:59:05.451827
2024-01-20,00986,"6,25,29,34,49,54,38",0,2024-01-21 02:02:38.285981
2024-01-23,00987,"13,27,32,48,49,51,23",0,2024-01-24 01:59:49.666418
2024-01-25,00988,"13,17,35,38,42,48,7",0,2024-01-26 01:51:56.767774
2024-01-27,00989,"6,12,38,41,46,55,13",0,2024-01-28 01:53:31.452287
2024-01-30,00990,"3,10,13,40,49,52,9",0,2024-01-31 01:50:46.619020
2024-02-01,00991,"2,7,10,22,32,40,39",0,2024-02-02 01:49:55.764213
2024-02-03,00992,"4,6,7,13,18,26,49",0,2024-02-04 01:54:19.368362
2024-02-06,00993,"8,19,27,34,46,51,24",0,2024-02-07 01:48:41.999813
2024-02-08,00994,"22,31,35,36,38,42,11",0,2024-02-09 01:48:54.902870
2024-02-13,00995,"8,17,22,31,34,49,18",0,2024-02-14 01:50:29.987875
2024-02-15,00996,"3,7,8,18,21,26,19",0,2024-02-16 01:50:01.111919
2024-02-17,00997,"8,12,17,27,38,55,47",0,2024-02-18 01:52:59.204990
2024-02-20,00998,"34,46,50,51,52,55,5",0,2024-02-21 01:50:13.772403
2024-02-22,00999,"8,19,24,31,35,55,1",0,2024-02-23 01:48:40.788902
2024-02-24,01000,"1,3,22,27,38,40,26",0,2024-02-25 01:52:27.837095
2024-02-27,01001,"1,4,6,8,24,35,53",0,2024-02-28 01:50:35.747831
2024-02-29,01002,"4,11,20,38,52,53,33",0,2024-03-01 01:55:29.366386
2024-03-02,01003,"1,19,21,31,50,55,37",0,2024-03-03 01:52:55.495994
2024-03-05,01004,"12,19,21,23,28,54,31",0,2024-03-06 01:49:34.358204
2024-03-07,01005,"13,20,33,47,53,54,19",0,2024-03-08 01:49:17.188669
2024-03-09,01006,"11,13,22,36,46,49,37",0,2024-03-10 01:54:54.863205
2024-03-12,01007,"11,14,18,20,22,43,16",0,2024-03-13 01:55:29.283981
2024-03-14,01008,"21,25,26,29,41,51,39",0,2024-03-15 01:51:10.197869
2024-03-16,01009,"8,36,42,43,44,55,54",0,2024-03-17 01:53:13.312382
2024-03-19,01010,"6,25,39,45,46,55,26",0,2024-03-20 01:49:32.227608
2024-03-21,01011,"12,13,41,48,49,53,43",0,2024-03-22 01:49:41.601528
2024-03-23,01012,"3,10,13,30,40,52,4",0,2024-03-24 01:55:49.474576
2024-03-26,01013,"1,8,13,16,38,44,47",0,2024-03-27 01:50:40.849831
2024-03-28,01014,"1,7,18,26,38,49,21",0,2024-03-29 01:49:59.328787
2024-03-30,01015,"14,17,27,38,54,55,23",0,2024-03-31 01:55:34.015736
2024-04-02,01016,"1,12,18,20,51,52,37",0,2024-04-03 01:51:47.642083
2024-04-04,01017,"3,8,12,25,47,48,15",0,2024-04-04 14:08:08.988416
2024-04-06,01018,"9,13,20,30,39,54,23",0,2024-04-07 01:45:18.310035
2024-04-09,01019,"4,12,27,44,46,51,22",0,2024-04-09 14:04:23.673382
2024-04-11,01020,"3,6,15,25,33,43,55",0,2024-04-12 01:40:55.683386
2024-04-13,01021,"29,36,37,38,40,42,46",0,2024-04-13 14:02:18.946701
2024-04-16,01022,"3,5,32,40,46,50,37",0,2024-04-16 14:07:01.972996
2024-04-18,01023,"1,21,23,33,43,54,28",0,2024-04-18 14:05:01.385676
2024-04-20,01024,"2,6,35,43,45,47,14",0,2024-04-20 14:03:00.080358
2024-04-23,01025,"1,34,39,40,49,53,9",0,2024-04-23 14:04:34.373620
2024-04-25,01026,"13,19,27,38,41,54,46",0,2024-04-25 14:02:58.217808
2024-04-27,01027,"7,12,38,43,48,55,8",0,2024-04-27 14:03:26.327015
2024-04-30,01028,"13,16,26,46,49,54,8",0,2024-04-30 14:07:20.889707
2024-05-02,01029,"30,32,33,36,42,48,18",0,2024-05-02 14:04:59.649260
2024-05-04,01030,"5,27,35,45,49,55,18",0,2024-05-04 14:06:23.873339
2024-05-07,01031,"21,26,35,41,44,52,13",0,2024-05-07 14:06:14.856121
2024-05-09,01032,"3,16,21,36,37,40,31",0,2024-05-09 14:04:05.513993
2024-05-11,01033,"19,23,25,43,46,54,42",0,2024-05-11 14:03:24.360265
2024-05-14,01034,"5,17,36,40,46,50,1",0,2024-05-14 14:05:23.746889
2024-05-16,01035,"20,25,27,39,45,55,44",0,2024-05-16 14:06:20.047809
2024-05-18,01036,"12,18,20,25,27,52,44",0,2024-05-18 14:03:38.748282
2024-05-21,01037,"1,2,14,32,33,41,4",0,2024-05-21 14:04:03.937317
2024-05-23,01038,"8,12,42,47,51,52,36",0,2024-05-23 14:06:08.491608
2024-05-25,01039,"15,22,38,39,43,53,20",0,2024-05-25 14:03:52.082183
2024-05-28,01040,"1,25,29,37,40,54,50",0,2024-05-28 14:07:14.089901
2024-05-30,01041,"4,7,8,12,23,31,45",0,2024-05-30 14:07:41.605805
2024-06-01,01042,"6,24,30,31,47,49,1",0,2024-06-01 14:06:58.990046
2024-06-04,01043,"1,2,7,10,13,19,24",0,2024-06-04 14:07:20.343926
2024-06-06,01044,"18,26,38,39,47,51,55",0,2024-06-06 14:08:02.155867
2024-06-08,01045,"13,16,32,33,35,43,42",0,2024-06-08 14:07:33.610200
2024-06-11,01046,"13,16,21,30,32,39,53",0,2024-06-11 14:07:39.517972
2024-06-13,01047,"8,39,45,47,49,51,16",0,2024-06-13 14:05:28.933814
2024-06-15,01048,"5,10,14,20,26,51,36",0,2024-06-15 14:07:05.927580
2024-06-18,01049,"20,23,27,36,38,44,52",0,2024-06-18 14:07:05.935887
2024-06-20,01050,"1,10,29,34,43,55,49",0,2024-06-20 14:06:06.408923
2024-06-22,01051,"17,25,31,35,41,42,36",0,2024-06-22 14:06:31.757185
2024-06-25,01052,"1,5,9,13,18,27,8",0,2024-06-25 14:06:52.863752
2024-06-27,01053,"7,21,22,41,43,46,32",0,2024-06-27 14:07:14.181444
2024-06-29,01054,"11,15,32,34,46,48,47",0,2024-06-29 14:03:41.444360
2024-07-02,01055,"7,8,50,52,53,54,2",0,2024-07-02 14:07:21.248284
2024-07-04,01056,"10,19,20,29,34,41,8",0,2024-07-04 14:07:26.078492
2024-07-06,01057,"8,10,12,22,25,55,52",0,2024-07-06 14:03:08.948441
2024-07-09,01058,"6,8,9,28,33,53,10",0,2024-07-09 14:06:59.375760
2024-07-11,01059,"1,2,11,21,22,23,26",0,2024-07-11 14:06:13.954754
2024-07-13,01060,"2,12,13,33,44,52,34",0,2024-07-13 14:03:55.109892
2024-07-16,01061,"20,31,34,36,47,52,2",0,2024-07-16 14:07:23.395848
2024-07-18,01062,"10,13,28,35,40,42,2",0,2024-07-18 14:07:15.338153
2024-07-20,01063,"12,18,32,40,51,53,28",0,2024-07-20 14:05:38.403669
2024-07-23,01064,"34,39,40,42,54,55,30",0,2024-07-23 14:07:22.181589
2024-07-25,01065,"12,17,21,25,33,40,39",0,2024-07-25 14:06:54.683123
2024-07-27,01066,"18,23,25,37,39,40,35",0,2024-07-27 14:04:00.883566
2024-07-30,01067,"2,6,22,23,38,51,32",0,2024-07-30 14:07:03.114162
2024-08-01,01068,"9,17,21,48,53,55,29",0,2024-08-01 14:07:28.806932
2024-08-03,01069,"7,20,34,36,41,46,16",0,2024-08-03 14:07:01.928969
2024-08-06,01070,"22,34,44,46,54,55,14",0,2024-08-06 14:07:07.182104
2024-08-08,01071,"1,7,42,43,48,51,29",0,2024-08-08 14:07:06.572563
2024-08-10,01072,"10,23,32,37,48,55,14",0,2024-08-10 14:05:47.374728
2024-08-13,01073,"9,26,40,44,45,50,27",0,2024-08-13 14:07:24.112932
2024-08-15,01074,"8,16,20,30,34,43,46",0,2024-08-15 14:06:57.375025
2024-08-17,01075,"4,28,35,38,39,45,5",0,2024-08-17 14:07:47.603035
2024-08-20,01076,"5,24,26,27,29,54,6",0,2024-08-20 14:07:48.302451
2024-08-22,01077,"11,18,20,32,41,46,33",0,2024-08-22 14:07:31.499481
2024-08-24,01078,"2,17,20,21,22,23,38",0,2024-08-24 14:05:41.719172
2024-08-27,01079,"5,6,29,31,37,48,2",0,2024-08-27 14:08:18.889406
2024-08-29,01080,"8,11,21,29,38,55,12",0,2024-08-29 14:08:49.450809
2024-08-31,01081,"24,33,38,40,42,51,28",0,2024-08-31 14:04:40.517321
2024-09-03,01082,"8,10,11,14,38,48,41",0,2024-09-03 14:08:00.162153
2024-09-05,01083,"15,20,23,29,34,46,1",0,2024-09-05 14:08:20.175897
2024-09-07,01084,"5,11,20,39,46,53,37",0,2024-09-07 14:06:46.453107
2024-09-10,01085,"15,23,37,38,45,49,30",0,2024-09-10 14:08:07.490540
2024-09-12,01086,"3,8,31,36,39,47,38",0,2024-09-12 14:08:53.653366
2024-09-14,01087,"2,12,25,32,51,54,34",0,2024-09-14 14:05:07.664657
2024-09-17,01088,"14,32,34,41,47,54,48",0,2024-09-17 14:07:48.549461
2024-09-19,01089,"4,9,22,24,45,54,48",0,2024-09-19 14:07:44.474082
2024-09-21,01090,"3,8,9,22,26,55,11",0,2024-09-21 14:05:36.705265
2024-09-24,01091,"1,6,11,17,24,31,43",0,2024-09-24 14:07:30.604317
2024-09-26,01092,"3,18,29,39,41,49,46",0,2024-09-26 14:07:14.797039
2024-09-28,01093,"2,11,13,32,41,48,15",0,2024-09-28 14:05:31.520053
2024-10-01,01094,"3,18,22,41,43,44,12",0,2024-10-01 14:08:26.085082
2024-10-03,01095,"18,21,34,40,42,53,25",0,2024-10-03 14:08:22.354403
2024-10-05,01096,"2,10,17,27,50,52,18",0,2024-10-05 14:05:33.835578
2024-10-08,01097,"3,7,14,17,48,50,40",0,2024-10-08 14:08:48.961350
2024-10-10,01098,"4,5,6,29,32,44,53",0,2024-10-10 14:08:31.717284
2024-10-12,01099,"29,34,35,38,50,51,37",0,2024-10-12 14:06:38.873281
2024-10-15,01100,"4,25,41,42,46,52,33",0,2024-10-15 14:08:16.788716
2024-10-17,01101,"11,14,15,26,38,41,25",0,2024-10-17 14:08:38.965236
2024-10-19,01102,"9,22,31,39,43,51,19",0,2024-10-19 14:07:01.732285
2024-10-22,01103,"15,21,23,26,31,43,35",0,2024-10-22 14:08:22.006721
2024-10-24,01104,"5,17,31,39,46,53,3",0,2024-10-27 19:04:23.402921
2024-10-26,01105,"5,19,27,29,42,47,40",0,2024-10-27 19:04:23.402834
2024-11-09,01111,"11,14,24,26,34,51,40",1,2024-12-17 09:09:23.153645
2024-11-12,01112,"1,21,29,35,41,45,20",1,2024-12-17 09:09:23.153593
2024-11-14,01113,"12,25,37,40,49,52,31",1,2024-12-17 09:09:23.153540
2024-11-16,01114,"16,22,33,37,39,51,54",1,2024-12-17 09:09:23.153485
2024-11-19,01115,"6,10,17,34,41,48,31",1,2024-12-17 09:09:23.153430
2024-11-21,01116,"15,22,31,40,42,51,26",1,2024-12-17 09:09:23.153373
2024-11-23,01117,"4,12,25,39,48,51,45",1,2024-12-17 09:09:23.153306
2024-11-26,01118,"8,11,16,32,40,43,12",1,2024-12-17 09:09:23.153223
2024-11-28,01119,"1,16,24,28,38,53,9",0,2024-12-17 09:09:23.163674
2024-11-30,01120,"1,20,24,26,38,41,36",0,2024-12-17 09:09:23.163629
2024-12-03,01121,"10,19,33,39,47,54,16",0,2024-12-17 09:09:23.163583
2024-12-05,01122,"16,21,29,41,42,47,9",0,2024-12-17 09:09:23.163537
2024-12-07,01123,"16,17,22,24,29,37,54",0,2024-12-17 09:09:23.163488
2024-12-10,01124,"11,15,26,45,52,55,36",0,2024-12-17 09:09:23.163437
2024-12-12,01125,"1,9,12,18,37,44,11",0,2024-12-17 09:09:23.163389
2024-12-14,01126,"3,10,19,20,21,24,7",0,2024-12-17 09:09:23.163334
2024-12-17,01127,"2,14,27,30,53,54,16",0,2024-12-31 17:13:50.485043
2024-12-19,01128,"13,16,32,39,49,51,11",0,2024-12-31 17:13:50.485008
2024-12-21,01129,"4,16,29,30,35,51,48",0,2024-12-31 17:13:50.484975
2024-12-24,01130,"17,20,27,32,44,51,33",0,2024-12-31 17:13:50.484936
2024-12-26,01131,"6,18,33,38,41,48,16",0,2024-12-31 17:13:50.484900
2024-12-28,01132,"6,19,36,42,53,55,39",0,2024-12-31 17:13:50.484854
